,Symbol,tweetCount,replyCount,retweetCount,likeCount,quoteCount,weightedSentiment,unweightedSentiment
0,SXTC,8,0.0,0.125,0.0,0.0,0.296,0.037
1,MTC,1000,0.299,0.57,2.489,0.072,0.3011656268221574,0.1852439
2,MDJH,11,0.0,0.09090909090909091,0.09090909090909091,0.0,0.0,0.05781818181818182
3,BCOW,6,0.0,0.0,0.0,0.0,0.0,0.0
4,RBKB,9,0.0,0.0,0.0,0.0,0.0,0.0
5,NFE,75,0.06666666666666667,0.26666666666666666,0.37333333333333335,0.013333333333333334,0.32448333333333335,0.3390933333333334
6,INMB,0,,,,,,
7,ALEC,1000,0.568,0.725,4.253,0.194,0.2332982229965157,0.1550809
8,RMG,1000,0.441,0.517,2.525,0.092,0.14397756643356643,0.1291902
9,HARP,40,0.125,0.5,0.75,0.075,0.08813448275862068,0.079395
10,GOSS,90,0.022222222222222223,0.2777777777777778,0.43333333333333335,0.011111111111111112,0.14835671641791046,0.07303111111111112
11,ANCN,24,0.0,0.08333333333333333,0.041666666666666664,0.041666666666666664,0.148,0.04069999999999999
12,IMAC,1000,0.656,6.919,10.944,0.205,0.21632088763084809,0.13578289999999998
13,TCRR,60,0.18333333333333332,0.4,0.7,0.06666666666666667,-0.004632098765432093,-0.010235000000000001
14,MITO,20,0.05,0.2,0.9,0.0,0.22019565217391304,-0.027750000000000014
15,HOTH,1000,0.423,0.691,4.712,0.053,0.04457205307025003,0.1016465
16,AREC,1000,5.881,12.691,51.806,1.355,0.5410567423640446,0.1585791
17,SOLY,279,0.3118279569892473,0.5770609318996416,2.4982078853046596,0.025089605734767026,0.2995284663865546,0.2362236559139785
18,SLGG,58,0.034482758620689655,0.29310344827586204,1.1206896551724137,0.017241379310344827,0.6860435294117647,0.6508982758620689
19,KLDO,14,0.07142857142857142,0.14285714285714285,0.21428571428571427,0.07142857142857142,0.1583142857142857,0.13799285714285714
20,SWAV,46,0.06521739130434782,0.2391304347826087,0.2826086956521739,0.0,0.1756185185185185,0.07642826086956522
21,FUTU,273,0.0695970695970696,0.23443223443223443,0.663003663003663,0.03296703296703297,0.11434908424908426,0.08268717948717948
22,TIGR,44,0.0,0.20454545454545456,0.5,0.06818181818181818,0.21194705882352943,-0.00956363636363636
23,LEVI,1000,0.165,0.585,2.032,0.112,0.161092605390463,0.0958683
24,GNFT,158,0.24050632911392406,1.740506329113924,1.8481012658227849,0.06329113924050633,0.06334552845528454,0.16152974683544302
25,DTIL,56,0.05357142857142857,0.3392857142857143,0.7678571428571429,0.017857142857142856,0.23254545454545453,0.07481964285714285
26,PUYI,198,0.46464646464646464,0.12626262626262627,1.2373737373737375,0.005050505050505051,0.11256721763085399,0.11023737373737375
27,LYFT,1000,0.229,0.332,2.253,0.05,0.046426047486033524,0.2294402
28,PBTS,7,0.0,0.0,0.0,0.0,0.0,0.0
29,RPLA,5,0.0,0.6,4.4,0.0,0.573664,0.11752
30,TW,101,0.04950495049504951,0.16831683168316833,0.39603960396039606,0.0297029702970297,0.13594923076923077,0.09063366336633662
31,NGM,668,0.9326347305389222,0.21407185628742514,1.971556886227545,0.038922155688622756,0.615742057847321,0.23610868263473053
32,SILK,1000,0.291,0.965,4.075,0.114,0.06463476584022039,0.0474524
33,GHSI,4,0.0,0.25,0.25,0.25,0.23653333333333335,0.1774
34,PD,1000,0.621,1.519,10.356,0.22,0.10991282636049068,0.18116300000000002
35,TUFN,27,0.037037037037037035,0.2222222222222222,0.2962962962962963,0.0,0.19472666666666666,0.18640370370370377
36,JMIA,17,0.0,1.5294117647058822,1.8823529411764706,0.058823529411764705,0.2338728813559322,0.19700588235294117
37,BWAY,1000,0.464,0.576,7.034,0.109,0.4389732494195283,0.21128270000000002
38,PLMR,30,0.0,0.1,0.3,0.06666666666666667,0.43900000000000006,0.09722333333333331
39,TPTX,43,0.0,0.27906976744186046,0.20930232558139536,0.023255813953488372,-0.1186909090909091,0.07193953488372093
40,HOOK,49,0.0,0.2653061224489796,0.3877551020408163,0.02040816326530612,-0.018406060606060603,0.10041632653061225
41,GNLN,41,0.0,0.4146341463414634,1.048780487804878,0.14634146341463414,0.4097848484848485,0.14505609756097562
42,ZM,76,0.05263157894736842,0.5394736842105263,1.1710526315789473,0.13157894736842105,0.3116916666666667,0.20669473684210526
43,PINS,1000,0.366,0.915,5.544,0.087,0.16634999999999997,0.2426296
44,MNRL,37,0.05405405405405406,0.13513513513513514,0.40540540540540543,0.10810810810810811,0.14234615384615384,0.10348108108108107
45,WAFU,2,0.0,0.0,0.0,0.0,-0.765,-0.765
46,TMDX,21,0.0,0.7619047619047619,1.0476190476190477,0.09523809523809523,0.06842000000000001,0.05876666666666667
47,BYND,1000,0.516,1.108,3.412,0.219,0.0946184586108468,0.172036
48,SY,23,0.043478260869565216,0.21739130434782608,0.391304347826087,0.043478260869565216,-0.1982,0.01337391304347826
49,RRBI,14,0.0,0.0,0.07142857142857142,0.0,0.6808,0.06977142857142857
50,YJ,1000,0.53,16.713,25.834,0.47,0.7417250212414173,0.2127737
51,ATIF,1000,0.386,0.31,1.919,0.029,0.20130567322239032,0.1628461
52,SCPL,105,0.08571428571428572,0.4380952380952381,1.1904761904761905,0.0380952380952381,0.04555923913043477,0.0928
53,TBBA,1,3.0,0.0,8.0,0.0,-0.5849,-0.5849
54,TRVI,27,0.07407407407407407,0.1111111111111111,0.4074074074074074,0.1111111111111111,0.14677894736842106,0.08872592592592593
55,PSN,1000,0.407,0.321,2.137,0.051,0.2696449245541838,0.1650763
56,NXTC,52,0.057692307692307696,0.5769230769230769,0.9423076923076923,0.019230769230769232,-0.06416385542168673,0.03417115384615384
57,MEC,16,0.0,0.0625,0.1875,0.0,0.0,0.098575
58,SPFI,23,0.0,0.043478260869565216,0.0,0.0,0.0,0.06710434782608696
59,CRTX,71,0.38028169014084506,0.43661971830985913,1.3098591549295775,0.04225352112676056,0.19973831168831166,0.09456056338028171
60,AXLA,34,0.0,0.23529411764705882,0.14705882352941177,0.029411764705882353,0.07855714285714285,0.13472352941176474
61,UBER,1000,0.396,0.483,2.493,0.073,0.06412194484760518,0.1414617
62,JFIN,10,0.0,0.1,0.0,0.0,0.0,0.029599999999999998
63,SONM,19,0.0,0.10526315789473684,0.10526315789473684,0.0,0.0,0.04887368421052631
64,APLT,32,0.0,0.125,0.28125,0.0,-0.08575384615384615,0.022462500000000003
65,PSTL,13,0.07692307692307693,0.15384615384615385,0.07692307692307693,0.0,0.51015,0.4778692307692308
66,LKNCY,850,0.22705882352941176,0.7141176470588235,1.7011764705882353,0.1376470588235294,0.07089162082099028,0.05457152941176471
67,AVTR,88,0.14772727272727273,0.4431818181818182,0.875,0.03409090909090909,0.16628106060606063,0.19330681818181822
68,FSLY,867,0.34371395617070355,0.6412918108419838,2.7866205305651675,0.0726643598615917,0.20382448244824486,0.1858199538638985
69,RTLR,25,0.08,0.32,1.16,0.2,0.10602954545454546,0.1483
70,BCYC,62,0.04838709677419355,0.3870967741935484,0.41935483870967744,0.03225806451612903,0.1759618181818182,0.09988870967741936
71,IDYA,31,0.0967741935483871,0.3225806451612903,0.2903225806451613,0.03225806451612903,-0.15945217391304348,0.04271290322580645
72,GIX,131,0.24427480916030533,0.48091603053435117,1.8625954198473282,0.06870229007633588,0.489052011494253,0.24669847328244277
73,GOTU,0,,,,,,
74,RVLV,96,0.3958333333333333,0.6666666666666666,3.2916666666666665,0.15625,0.343777598152425,0.15994687500000002
75,CRWD,52,0.057692307692307696,0.4807692307692308,0.9038461538461539,0.019230769230769232,0.21662368421052633,0.18018653846153843
76,MWK,10,0.0,0.1,0.1,0.0,0.148,0.08879999999999999
77,FVRR,31,0.1935483870967742,0.4838709677419355,1.0,0.03225806451612903,0.2846150943396226,0.14311290322580644
78,CHWY,1000,0.775,2.003,7.77,0.249,-0.13094137260350094,0.2762699
79,STOK,60,0.03333333333333333,0.65,0.8,0.03333333333333333,0.1461879120879121,0.06760166666666666
80,BCEL,49,0.5306122448979592,0.6938775510204082,1.7551020408163265,0.02040816326530612,0.1421108843537415,0.08546122448979591
81,WORK,1000,0.696,0.67,4.805,0.104,0.24985650996015937,0.1532493
82,AKRO,24,0.08333333333333333,0.3333333333333333,0.20833333333333334,0.0,0.034133333333333335,0.0671375
83,PSNL,94,0.574468085106383,0.46808510638297873,2.6595744680851063,0.0851063829787234,0.33222808988764047,0.13696063829787233
84,GO,72,1.4583333333333333,0.3055555555555556,1.7222222222222223,0.06944444444444445,0.19780546875,0.15864027777777778
85,CMBM,51,0.0392156862745098,0.1568627450980392,0.5686274509803921,0.0,0.2302205128205128,0.12891176470588236
86,LINX,1000,0.208,0.236,1.44,0.037,-0.03867605413846954,0.1997409
87,CHNG,1000,0.393,1.217,4.567,0.179,0.0904973725613594,0.09784770000000001
88,MORF,29,0.0,0.20689655172413793,0.034482758620689655,0.0,0.22965714285714284,0.06200344827586207
89,ADPT,108,0.027777777777777776,0.25925925925925924,0.4722222222222222,0.046296296296296294,0.18842528735632186,0.11319351851851851
90,BBIO,36,0.05555555555555555,0.3333333333333333,0.7222222222222222,0.1388888888888889,0.19009555555555555,0.13028055555555557
91,KRTX,39,0.02564102564102564,0.20512820512820512,0.3333333333333333,0.0,0.1334590909090909,0.1319794871794872
92,REAL,1000,0.669,1.135,8.655,0.135,0.5597398999433641,0.054346200000000004
93,RMBI,2,0.0,0.0,0.0,0.0,0.0,0.0
94,PIC,19,0.0,0.10526315789473684,0.10526315789473684,0.0,0.0,0.0
95,DOYU,14,0.07142857142857142,0.6428571428571429,0.7857142857142857,0.0,0.045604761904761905,0.02657857142857142
96,MIRM,37,0.0,0.21621621621621623,0.1891891891891892,0.0,0.13252,0.1085135135135135
97,FULC,43,0.0,0.4186046511627907,0.5348837209302325,0.0,-0.0027975609756097568,0.051611627906976744
98,ORCC,22,0.0,0.0,0.2727272727272727,0.0,0.16565,0.05437272727272727
99,PHR,1000,0.455,0.339,1.43,0.037,0.06926045997346307,0.10016499999999999
100,IHRT,329,0.16109422492401215,0.47416413373860183,1.425531914893617,0.06382978723404255,0.3618283261802575,0.2706893617021277
101,AMK,28,0.0,0.14285714285714285,0.2857142857142857,0.0,0.35882499999999995,0.17940357142857138
102,AFYA,318,0.44654088050314467,0.5408805031446541,3.059748427672956,0.12578616352201258,0.4127066314996231,0.21619339622641512
103,IFS,23,0.0,0.043478260869565216,0.0,0.0,0.0,0.06895217391304348
104,EIC,10,0.0,0.0,0.0,0.0,0.0,0.0
105,NOVA,29,0.034482758620689655,0.27586206896551724,0.20689655172413793,0.0,0.35144000000000003,0.36097241379310335
106,HCAT,212,0.1320754716981132,0.6037735849056604,2.1132075471698113,0.16981132075471697,0.4910768750000001,0.30832122641509435
107,CSTL,27,0.0,0.48148148148148145,0.7037037037037037,0.037037037037037035,0.27977878787878785,0.10083333333333334
108,WSG,12,0.0,0.08333333333333333,0.0,0.0,0.296,-0.07201666666666667
109,CCX,7,0.0,1.2857142857142858,1.8571428571428572,0.0,0.0,0.0
110,BHAT,3,0.0,0.0,0.0,0.0,0.4215,0.4215
111,VIST,45,0.08888888888888889,0.2222222222222222,0.9777777777777777,0.022222222222222223,0.19346779661016947,0.21812666666666666
112,SBE,13,0.0,0.0,0.0,0.0,0.30007692307692313,0.30007692307692313
113,BORR,137,0.4306569343065693,0.9416058394160584,2.343065693430657,0.10948905109489052,-0.3464851145038168,0.06673503649635035
114,KRUS,75,0.28,0.26666666666666666,1.5333333333333334,0.04,0.42804088050314465,0.2775933333333333
115,DT,1000,0.592,0.747,6.333,0.149,0.07286953075054342,0.0850895
116,SNDL,45,0.022222222222222223,0.1111111111111111,0.7555555555555555,0.022222222222222223,0.16841707317073168,0.058293333333333336
117,HKIB,25,0.0,0.28,0.12,0.0,0.34036,0.09007200000000001
118,INMD,64,0.078125,0.296875,0.359375,0.0,0.22307021276595748,0.156646875
119,PLIN,0,,,,,,
120,JFU,8,0.0,0.0,0.5,0.0,-0.07975000000000002,0.0669125
121,CFB,25,0.2,0.2,0.48,0.0,0.14680454545454547,0.08655999999999998
122,NPA,3,0.0,0.0,0.0,0.0,0.13396666666666665,0.13396666666666665
123,SONG,1000,0.364,0.297,2.694,0.051,0.32265308279506755,0.23481380000000002
124,SDC,1000,0.338,0.795,2.714,0.121,0.3849907258064516,0.2673954
125,TXG,74,0.13513513513513514,0.36486486486486486,1.1216216216216217,0.04054054054054054,0.45447317073170723,0.15381891891891894
126,SWTX,45,0.0,0.24444444444444444,0.3111111111111111,0.0,-0.143752,0.10910444444444445
127,ALRS,22,0.045454545454545456,0.045454545454545456,0.2727272727272727,0.0,0.2405375,0.14929545454545456
128,STSA,20,0.0,0.1,0.2,0.0,0.16685000000000003,0.10425999999999999
129,NET,1000,0.475,0.536,3.289,0.073,0.24487582895037735,0.17347200000000002
130,NVST,20,0.0,0.05,0.3,0.0,0.27417142857142857,0.18570000000000003
131,IGMS,32,0.0,0.15625,0.28125,0.0,0.3020785714285714,0.15200625
132,PING,137,0.043795620437956206,0.19708029197080293,0.5255474452554745,0.029197080291970802,0.4073715596330275,0.21415109489051093
133,XGN,413,0.3704600484261501,0.4358353510895884,1.9757869249394673,0.07263922518159806,0.171596352841391,0.14463389830508475
134,DDOG,953,0.4249737670514166,0.3987408184679958,4.259181532004197,0.06715634837355719,0.20733973105134476,0.18011909758656874
135,OPRT,17,0.17647058823529413,0.11764705882352941,0.29411764705882354,0.058823529411764705,0.05322727272727272,0.13012941176470588
136,PTON,149,0.6778523489932886,0.7315436241610739,4.496644295302014,0.16778523489932887,0.3344457458563536,0.12300134228187917
137,APRE,38,0.07894736842105263,0.2894736842105263,0.42105263157894735,0.02631578947368421,-0.1206483870967742,0.01305
138,VIE,40,0.05,0.15,0.25,0.025,0.011063157894736842,0.04826
139,FREQ,77,0.37662337662337664,0.22077922077922077,0.9090909090909091,0.05194805194805195,0.06504833333333333,0.015909090909090904
140,MCBS,33,0.09090909090909091,0.06060606060606061,0.696969696969697,0.0,0.7593571428571427,0.07640606060606062
141,BNTX,16,0.0,0.4375,0.375,0.25,-0.1150764705882353,-0.011262500000000002
142,HBT,326,0.34662576687116564,0.8067484662576687,4.190184049079755,0.05214723926380368,0.16226839113132463,0.13663006134969324
143,VIR,1000,0.557,1.564,5.911,0.159,0.12529269930411424,0.0574478
144,BRBR,61,0.06557377049180328,0.36065573770491804,0.4918032786885246,0.03278688524590164,2.5862068965510566e-05,0.08120983606557376
145,IPHA,47,0.2553191489361702,0.8936170212765957,2.297872340425532,0.06382978723404255,0.04877939393939396,0.005057446808510643
146,BRP,1000,0.486,2.308,4.279,0.16,-0.1136539610120282,0.06414700000000001
147,HAPP,4,0.0,0.0,0.0,0.0,0.55425,0.55425
148,AIH,4,0.25,0.25,0.5,0.0,0.0,-0.11315
149,CABA,12,0.08333333333333333,0.3333333333333333,0.5,0.08333333333333333,0.21179166666666668,0.1754
150,DAO,1000,0.458,0.931,3.142,0.107,0.2906612117291936,0.18881150000000002
151,TFFP,13,0.0,0.07692307692307693,0.0,0.0,0.296,0.045538461538461535
152,PHAT,23,0.13043478260869565,0.21739130434782608,0.4782608695652174,0.13043478260869565,0.07697272727272728,0.06423478260869564
153,PGNY,72,0.125,0.3888888888888889,1.1805555555555556,0.06944444444444445,0.33611181102362203,0.23365000000000002
154,OYST,14,0.0,0.42857142857142855,0.2857142857142857,0.14285714285714285,0.21897500000000003,0.1014142857142857
155,RAPT,944,0.451271186440678,0.753177966101695,6.4809322033898304,0.1048728813559322,0.12151304052216481,0.24721949152542372
156,DUO,10,0.1,0.1,0.4,0.1,0.22414285714285714,0.15911000000000003
157,QK,12,0.0,0.16666666666666666,0.75,0.0,0.12772727272727272,-0.027925000000000002
158,CNTG,691,0.5209840810419681,0.20839363241678727,0.5716353111432706,0.010130246020260492,0.12046291390728477,0.11835094066570187
159,SI,9,0.0,0.0,0.7777777777777778,0.1111111111111111,0.0,0.06577777777777777
160,GRTX,12,0.0,0.25,0.4166666666666667,0.0,0.09339999999999998,-0.009441666666666673
161,MOHO,443,0.7404063205417607,6.905191873589165,27.085778781038375,0.43340857787810383,0.20311266529721397,0.1329591422121896
162,SRAC,9,0.0,0.0,0.1111111111111111,0.0,0.296,0.296
163,TELA,968,0.30165289256198347,0.5082644628099173,3.399793388429752,0.05991735537190083,-0.004540551657391731,0.12978119834710744
164,KRKR,14,0.0,0.14285714285714285,0.35714285714285715,0.0,0.13108571428571428,0.14038571428571428
165,CNSP,10,0.0,0.3,0.7,0.0,-0.37895,-0.07579
166,ETNB,29,0.0,0.41379310344827586,0.3793103448275862,0.0,0.07802608695652175,0.0516103448275862
167,YAYO,0,,,,,,
168,SITM,64,0.046875,0.21875,0.390625,0.0,0.14838571428571426,0.1633203125
169,CAN,1000,1.092,1.225,4.433,0.096,0.43536688577271404,0.18642070000000002
170,PINE,15,0.0,0.0,0.0,0.0,0.53822,0.53822
171,LMPX,9,0.0,0.0,0.0,0.0,0.09866666666666665,0.09866666666666665
172,XP,1000,0.611,1.076,4.92,0.081,0.341915759569378,0.3857783
173,EH,22,0.09090909090909091,0.13636363636363635,0.8636363636363636,0.13636363636363635,-0.04538148148148148,-0.015331818181818184
174,BILL,0,,,,,,
175,SPT,355,0.11830985915492957,0.1352112676056338,0.7014084507042253,0.01971830985915493,0.17632427745664742,0.32523014084507046
176,OCFT,8,0.0,0.25,0.5,0.0,-0.045533333333333335,0.0823625
177,INDO,450,0.4666666666666667,2.94,14.773333333333333,0.2111111111111111,0.6432241662638956,0.3223053333333334
178,MNPR,9,0.0,0.1111111111111111,0.3333333333333333,0.0,0.0,0.0
179,MKD,127,0.28346456692913385,0.6535433070866141,2.377952755905512,0.05511811023622047,0.07180981308411215,0.13398503937007875
180,VEL,63,1.0,2.492063492063492,7.126984126984127,0.4444444444444444,-0.5161123385939742,0.2496825396825397
181,LIZI,821,0.3861144945188794,0.22655298416565164,1.0389768574908649,0.02192448233861145,0.36312765647743817,0.2189263093788063
182,DNK,23,0.0,0.08695652173913043,0.2608695652173913,0.0,0.074,0.018747826086956524
183,IMAB,124,0.0967741935483871,0.3709677419354839,2.161290322580645,0.04032258064516129,-0.002340181268882171,0.020235483870967734
184,ANVS,13,0.0,0.3076923076923077,1.0,0.23076923076923078,-0.0037999999999999813,0.08473076923076925
185,ANPC,1,0.0,0.0,0.0,0.0,0.0,0.0
186,BDTX,21,0.0,0.19047619047619047,0.6190476190476191,0.0,0.42951764705882356,0.4062809523809523
187,ONEM,23,0.0,0.08695652173913043,0.17391304347826086,0.043478260869565216,0.2502857142857143,0.08635217391304348
188,REYN,53,0.018867924528301886,0.1320754716981132,0.37735849056603776,0.05660377358490566,0.2552290322580645,0.17410943396226417
189,ARQT,21,0.42857142857142855,0.19047619047619047,1.1904761904761905,0.047619047619047616,0.015179487179487179,0.1641238095238095
190,SDGR,1000,0.357,0.389,3.276,0.05,-0.016892804518664047,0.0121991
191,BEAM,1000,0.405,0.888,3.911,0.044,0.03585398246951222,0.1398967
192,CSPR,239,0.3472803347280335,0.1589958158995816,1.6652719665271967,0.029288702928870293,-0.2129855513307985,0.12846610878661088
193,PPD,1000,0.702,3.106,7.883,0.239,-0.270241743503772,-0.0409812
194,NREF,15,0.0,0.0,0.0,0.0,0.04816,0.04816
195,PFHD,447,0.7002237136465325,1.3310961968680088,6.41834451901566,0.19015659955257272,0.3474588814085966,0.112165548098434
196,ONEW,6,0.0,0.16666666666666666,0.0,0.0,0.296,0.296
197,HUIZ,11,0.18181818181818182,0.0,0.0,0.0,0.17279999999999998,0.017181818181818177
198,RVMD,68,0.1323529411764706,0.5882352941176471,1.2352941176470589,0.058823529411764705,0.02432262773722628,0.10499264705882354
199,MEDS,2,0.0,0.0,2.0,0.5,0.8439,0.61355
200,GRIL,51,0.21568627450980393,0.7254901960784313,1.3137254901960784,0.0196078431372549,0.5963301724137932,0.3617117647058824
201,ZCMD,20,0.05,0.15,0.3,0.05,0.21972727272727274,0.20921499999999998
202,PASG,61,0.13114754098360656,0.39344262295081966,0.7377049180327869,0.06557377049180328,0.36837037037037035,0.24680983606557372
203,GFL,1000,0.489,0.282,2.379,0.033,0.30719286836317944,0.17065619999999998
204,IMRA,1000,0.421,0.307,2.3,0.073,0.1969587874879071,0.10558110000000001
205,WIMI,0,,,,,,
206,ZNTL,1,0.0,1.0,0.0,0.0,0.0,0.0
207,KROS,9,0.0,0.1111111111111111,0.1111111111111111,0.0,-0.0772,-0.10288888888888888
208,ORIC,239,0.401673640167364,0.7615062761506276,2.6276150627615062,0.03347280334728033,0.434222647702407,0.12401757322175733
209,LYRA,1000,0.553,1.0,8.324,0.061,0.3105436003219963,0.1960094
210,GAN,1000,0.613,0.692,3.073,0.132,0.038360421286031045,0.024795499999999998
211,KC,13,0.0,0.07692307692307693,0.07692307692307693,0.0,-0.1783,-0.07312307692307692
212,AYLA,16,0.0,0.0625,0.125,0.0,0.0,0.004168749999999999
213,CLEU,1,2.0,2.0,16.0,0.0,0.40190000000000003,0.4019
214,GIK,362,0.4613259668508287,0.5718232044198895,2.7569060773480665,0.049723756906077346,0.1593584892086331,0.11197569060773481
215,ADCT,57,0.05263157894736842,0.07017543859649122,0.47368421052631576,0.05263157894736842,0.1809108108108108,0.1305578947368421
216,SLQT,108,0.19444444444444445,0.25,0.7777777777777778,0.009259259259259259,0.2482834586466165,0.17205277777777775
217,NARI,24,0.041666666666666664,0.375,1.25,0.0,0.2795625,0.11688333333333334
218,WMG,288,0.15625,1.4513888888888888,4.46875,0.1875,-0.28046003325942354,0.06890104166666668
219,PLRX,12,0.08333333333333333,0.3333333333333333,0.5,0.0,0.0,-0.018858333333333335
220,ZI,0,,,,,,
221,FOUR,14,0.0,0.6428571428571429,0.5,0.07142857142857142,0.6245058823529411,0.4903071428571428
222,LEGN,9,0.0,1.1111111111111112,1.8888888888888888,0.2222222222222222,0.2826206896551724,0.34448888888888896
223,AMTI,0,,,,,,
224,CALT,0,,,,,,
225,DADA,1000,0.685,1.525,11.918,0.155,0.5201643142197018,0.19550030000000002
226,VRM,1000,0.676,2.352,10.805,0.22,0.3433003557959155,0.10331520000000001
227,UCL,8,0.0,0.0,0.0,0.0,0.0,0.0
228,LTRN,20,0.0,0.0,0.0,0.0,0.186505,0.186505
229,RNA,27,0.0,0.0,0.07407407407407407,0.0,0.8481,0.8536333333333331
230,BNR,17,0.0,0.0,0.0,0.0,0.1394529411764706,0.1394529411764706
231,GBIO,22,0.0,0.045454545454545456,0.045454545454545456,0.0,-0.07655,0.03984090909090909
232,PCVX,43,0.5116279069767442,0.20930232558139536,1.744186046511628,0.0,0.4651971698113207,0.0810046511627907
233,AZEK,58,0.1206896551724138,0.1206896551724138,0.6379310344827587,0.017241379310344827,0.1878019230769231,0.16616724137931035
234,RPRX,157,0.2229299363057325,0.4394904458598726,1.7197452229299364,0.08917197452229299,0.26640953608247425,0.2024458598726115
235,FMTX,14,0.0,0.6428571428571429,1.1428571428571428,0.07142857142857142,0.3041384615384616,0.15540714285714285
236,PROG,1000,0.598,0.718,4.395,0.075,0.2793663152436917,0.16924889999999998
237,GTH,20,0.2,0.2,1.2,0.05,-0.01542727272727272,0.02924000000000001
238,NUZE,32,0.15625,0.03125,0.3125,0.0,-0.16460624999999998,-0.061759375000000005
239,RPTX,39,0.07692307692307693,0.41025641025641024,1.1538461538461537,0.05128205128205128,0.05498787878787878,0.06886153846153846
240,PYPD,94,0.2978723404255319,0.10638297872340426,0.4574468085106383,0.02127659574468085,0.06370602409638555,0.06688723404255319
241,EBON,16,0.125,0.0625,0.75,0.125,0.3027705882352941,0.11651874999999999
242,FUSE,170,0.6470588235294118,0.45294117647058824,3.1,0.052941176470588235,0.14276791147994472,0.16438117647058825
243,AKUS,163,0.3128834355828221,0.17177914110429449,0.9754601226993865,0.024539877300613498,0.19040702479338842,0.16961901840490798
244,API,1000,0.489,1.304,4.642,0.132,0.32142131871478596,0.1772625
245,FUSN,50,0.04,0.6,1.16,0.02,0.07132527472527472,0.08831199999999999
246,ACI,129,0.4496124031007752,0.8837209302325582,3.3255813953488373,0.20930232558139536,0.4410573248407643,0.21569302325581394
247,ADTX,8,0.125,0.0,0.0,0.0,0.0,0.097975
248,DNB,1,0.0,0.0,0.0,0.0,0.34,0.34
249,ACCD,1000,0.528,0.959,4.839,0.111,0.3139480503340065,0.35327390000000003
250,LMND,1000,0.438,0.468,15.335,0.088,-0.4824139322677444,0.1697705
251,BLCT,15,0.13333333333333333,0.0,0.13333333333333333,0.0,0.802,0.15975999999999999
252,PSTX,20,0.0,0.0,0.0,0.0,0.046665,0.046665
253,IVA,1000,0.431,0.725,2.214,0.038,0.20673931924882627,0.19358110000000003
254,QH,1000,0.357,0.31,2.017,0.027,0.2432550350424198,0.14584450000000002
255,NKTX,37,0.2702702702702703,0.7297297297297297,1.3513513513513513,0.13513513513513514,-0.012708695652173889,0.1489027027027027
256,PTK,551,0.37749546279491836,0.2831215970961887,2.288566243194192,0.030852994555353903,0.06350207064555419,0.13805226860254083
257,NCNO,564,0.25354609929078015,0.4946808510638298,2.778368794326241,0.07092198581560284,0.38664553967471665,0.20751755319148935
258,DEH,5,0.0,0.0,0.0,0.0,-0.7125,-0.7125
259,GOCO,268,0.11940298507462686,0.19776119402985073,0.6380597014925373,0.029850746268656716,0.24680757575757578,0.15332014925373133
260,RLAY,63,0.07936507936507936,0.5873015873015873,1.1904761904761905,0.06349206349206349,0.0939404958677686,0.12953650793650795
261,TIG,15,0.2,0.13333333333333333,1.2,0.0,0.23484782608695653,0.08340666666666667
262,ALXO,13,0.3076923076923077,1.0769230769230769,5.3076923076923075,0.15384615384615385,0.4119966292134831,0.1964846153846154
263,RNLX,48,0.4166666666666667,0.4791666666666667,2.625,0.020833333333333332,0.14363411764705883,0.14450833333333335
264,BLI,95,0.09473684210526316,0.25263157894736843,1.1578947368421053,0.0,0.18359510489510486,0.02368421052631578
265,JAMF,581,0.19965576592082615,0.31497418244406195,1.3166953528399312,0.043029259896729774,0.2459675849403122,0.1506839931153184
266,EDTK,6,0.0,0.5,2.5,0.16666666666666666,0.0,0.09866666666666667
267,MEG,26,0.038461538461538464,0.2692307692307692,1.0769230769230769,0.0,0.07566388888888888,0.06017692307692308
268,ANNX,354,0.384180790960452,0.11016949152542373,1.1412429378531073,0.031073446327683617,0.07569406779661016,0.057677118644067785
269,INZY,52,0.019230769230769232,0.09615384615384616,0.40384615384615385,0.0,0.21855555555555556,0.13243846153846156
270,ITOS,19,0.05263157894736842,0.5789473684210527,1.263157894736842,0.0,0.15616388888888888,0.06011052631578948
271,NRIX,42,0.0,0.2619047619047619,0.5952380952380952,0.0,0.11346388888888888,0.13871666666666668
272,VERX,1000,0.549,2.674,11.979,0.125,-0.3523908853656945,0.1524329
273,ALVR,104,0.14423076923076922,0.3942307692307692,2.076923076923077,0.0673076923076923,0.4876222222222222,0.06221153846153847
274,LI,1000,0.514,0.445,3.229,0.088,0.17104665575304023,0.1273113
275,GOED,12,0.0,0.08333333333333333,0.08333333333333333,0.0,0.1901,0.0642
276,FTHM,22,0.0,0.09090909090909091,0.36363636363636365,0.0,0.12682,0.07591363636363636
277,VSTA,23,0.5217391304347826,1.608695652173913,13.217391304347826,0.2608695652173913,-0.16922506963788303,0.018582608695652182
278,VITL,97,0.4536082474226804,0.9175257731958762,3.1030927835051547,0.3917525773195876,0.36227754237288134,0.4342113402061855
279,HSAQ,0,,,,,,
280,BIGC,4,0.25,0.0,1.0,0.0,0.7258,0.567675
281,RXT,10,0.2,1.3,1.7,0.2,0.51775,0.35431999999999997
282,AFIB,9,0.0,0.3333333333333333,0.6666666666666666,0.0,0.0,0.0
283,RKT,454,0.6013215859030837,0.3766519823788546,3.9030837004405288,0.03303964757709251,0.34219139399372484,0.18132092511013218
284,OSH,9,0.1111111111111111,0.1111111111111111,0.8888888888888888,0.0,0.74817,0.2899111111111111
285,IBEX,1000,0.25,0.701,2.77,0.046,0.15415256172020178,0.1082182
286,CMPI,0,,,,,,
287,FRLN,0,,,,,,
288,KBNT,351,0.36752136752136755,0.3162393162393162,2.2877492877492878,0.08831908831908832,0.1401479515828678,0.19006267806267804
289,BEKE,147,0.4013605442176871,0.42857142857142855,1.6802721088435375,0.09523809523809523,-0.027225848563968653,0.05876462585034014
290,NTST,58,0.20689655172413793,0.1724137931034483,1.3103448275862069,0.0,0.18666836734693878,0.17706724137931035
291,CVAC,303,0.23102310231023102,0.4752475247524752,1.4026402640264026,0.07920792079207921,0.17792458521870286,0.1500930693069307
292,DCT,181,0.06629834254143646,0.2983425414364641,0.7071823204419889,0.03314917127071823,0.1507095,0.049349171270718244
293,INBX,91,0.2967032967032967,0.34065934065934067,1.5164835164835164,0.06593406593406594,0.40326435643564357,0.0928978021978022
294,HRMY,13,0.0,0.07692307692307693,0.7692307692307693,0.0,0.5650181818181819,0.4169538461538463
295,BFT,15,0.06666666666666667,0.13333333333333333,0.6,0.0,0.24975000000000003,0.024873333333333338
296,KYMR,15,0.13333333333333333,0.5333333333333333,1.7333333333333334,0.13333333333333333,0.215,0.13802666666666666
297,NNOX,27,0.07407407407407407,0.18518518518518517,1.1481481481481481,0.037037037037037035,0.209825641025641,0.1275148148148148
298,CLA,2,0.0,0.0,0.0,0.0,0.148,0.148
299,XPEV,881,0.33938706015891035,0.8002270147559591,2.485811577752554,0.09988649262202043,0.0952561243144424,0.14962656072644723
300,GP,32,0.375,0.75,4.1875,0.125,0.15811379310344828,0.182015625
301,HCDI,5,0.0,0.2,1.0,0.0,0.0,0.10212000000000002
302,AUVI,33,0.15151515151515152,0.09090909090909091,0.7575757575757576,0.030303030303030304,0.010817647058823515,0.11281818181818182
303,PRFX,0,,,,,,
304,MTCR,644,0.687888198757764,0.18167701863354038,1.0217391304347827,0.08850931677018634,0.15162603921568626,0.13408152173913043
305,FROG,1000,0.683,1.623,9.955,0.165,-0.17198292290358924,0.10861330000000001
306,SNOW,1000,0.631,0.6,7.699,0.104,0.11198679433252158,0.07315
307,STEP,19,0.15789473684210525,0.2631578947368421,1.631578947368421,0.05263157894736842,0.31014250000000004,0.13215263157894738
308,AMWL,1000,0.506,1.396,4.105,0.062,0.28791936068545065,0.2028811
309,DYN,40,0.125,0.3,0.975,0.05,0.34083103448275864,0.118025
310,SUMO,1000,0.553,1.352,8.671,0.215,0.1158140580113057,0.1124076
311,BNL,31,0.06451612903225806,0.06451612903225806,0.6451612903225806,0.0,0.19965000000000002,0.07390967741935484
312,PTVE,45,0.17777777777777778,0.4,1.7333333333333334,0.022222222222222223,-0.13033047619047616,0.007762222222222232
313,VTRU,88,0.23863636363636365,0.3522727272727273,1.5227272727272727,0.06818181818181818,0.4207958333333333,0.09588295454545454
314,U,1000,0.611,2.791,4.96,0.145,0.31539074879510987,0.218159
315,CMPS,96,0.28125,1.15625,4.21875,0.19791666666666666,0.16244875444839857,0.08650208333333335
316,ATHA,39,0.07692307692307693,0.717948717948718,1.205128205128205,0.05128205128205128,0.051288749999999994,0.06183333333333334
317,ASPL,8,0.5,0.0,2.125,0.25,-0.06292173913043478,-0.0603
318,GDRX,110,0.4090909090909091,0.6,2.8,0.10909090909090909,0.42563944315545243,0.09109636363636366
319,VIH,2,0.0,0.0,0.0,0.0,0.0,0.0
320,LSF,68,0.04411764705882353,0.39705882352941174,0.7794117647058824,0.029411764705882353,0.11024941176470586,0.10517941176470588
321,CRSR,1000,0.148,0.115,0.623,0.009,0.2673179888268157,0.5556631
322,BSY,167,0.04790419161676647,0.3652694610778443,1.089820359281437,0.023952095808383235,0.3978019607843137,0.2091646706586826
323,TSHA,40,0.0,0.2,0.65,0.025,0.2677742857142857,0.18112500000000004
324,PRLD,22,0.045454545454545456,0.2727272727272727,1.2272727272727273,0.0,0.18637058823529415,0.08774545454545456
325,VIAO,14,0.14285714285714285,0.14285714285714285,1.7142857142857142,0.07142857142857142,0.33734137931034486,0.18982142857142856
326,AMST,120,0.39166666666666666,1.75,7.358333333333333,0.11666666666666667,0.07822201039861353,0.194165
327,GLSI,1,0.0,0.0,0.0,0.0,0.0,0.0
328,SYTA,1,0.0,0.0,0.0,0.0,0.296,0.296
329,GRAY,24,0.041666666666666664,0.20833333333333334,0.7916666666666666,0.0,0.360576,0.2887708333333333
330,PMVP,26,0.0,0.38461538461538464,1.0384615384615385,0.038461538461538464,0.17505,0.06584999999999999
331,ORPH,1000,0.482,1.061,3.695,0.112,0.2680164859813084,0.22837580000000002
332,PLTR,357,0.5546218487394958,1.1932773109243697,4.282913165266106,0.22969187675070027,0.20774434004474276,0.1985596638655462
333,ASAN,1000,0.557,0.372,4.313,0.056,0.029959060022650065,0.21381340000000001
334,CD,13,0.15384615384615385,1.1538461538461537,3.5384615384615383,0.15384615384615385,-0.0007399999999999981,0.08760769230769233
335,BQ,29,0.20689655172413793,0.06896551724137931,0.6896551724137931,0.0,0.014521428571428565,0.06366551724137931
336,YALA,27,1.5555555555555556,0.7407407407407407,4.407407407407407,0.14814814814814814,0.0037194594594594592,0.060703703703703704
337,LUNG,1000,0.746,1.137,4.803,0.164,-0.08981770802919709,-0.2133357
338,THRY,0,,,,,,
339,LXEH,0,,,,,,
340,AVO,103,0.33980582524271846,0.5631067961165048,2.679611650485437,0.038834951456310676,0.5554605898123325,0.3411291262135922
341,CCCC,0,,,,,,
342,ASO,23,0.13043478260869565,1.2608695652173914,6.956521739130435,0.2608695652173913,0.4421085858585858,0.21296086956521737
343,ONCR,56,0.32142857142857145,0.05357142857142857,0.5535714285714286,0.017857142857142856,-0.11005094339622641,-0.033174999999999996
344,IMNM,7,1.5714285714285714,1.5714285714285714,2.7142857142857144,0.14285714285714285,0.48303571428571435,0.18865714285714286
345,SQFT,4,0.0,0.0,0.25,0.0,0.5106,0.5106
346,AZYO,1,0.0,1.0,1.0,0.0,0.8718,0.8718
347,FUBO,1000,0.587,0.231,1.42,0.046,0.23331873905429076,0.2006038
348,LCY,7,0.0,0.0,0.2857142857142857,0.0,-0.2263,0.12792857142857142
349,SPRB,1,0.0,0.0,0.0,0.0,0.0,0.0
350,STTK,5,0.0,0.0,0.0,0.0,-0.30862,-0.30862
351,KRON,5,0.0,0.0,0.2,0.0,0.0,0.037680000000000005
352,IH,1000,0.428,1.026,4.864,0.188,0.09609987703658161,0.0879416
353,INTZ,1000,0.738,3.137,17.492,0.359,-0.1183028261069686,-0.07062940000000001
354,FVAM,10,0.0,0.0,0.1,0.0,0.0,0.5547
355,CDAK,16,0.125,0.3125,2.25,0.0625,0.14098863636363634,0.1737375
356,EBC,17,0.11764705882352941,0.4117647058823529,3.235294117647059,0.11764705882352941,0.4167469696969697,0.15404117647058824
357,ARRY,161,0.13043478260869565,0.6832298136645962,1.5403726708074534,0.055900621118012424,0.29512499999999997,0.2585683229813665
358,MNSO,13,0.0,0.0,0.6923076923076923,0.0,0.020822222222222225,0.11222307692307693
359,OPT,1000,0.014,0.018,0.065,0.003,0.017821999999999994,-0.3543791
360,PRAX,35,0.05714285714285714,0.2857142857142857,0.8571428571428571,0.02857142857142857,0.2194441860465116,0.1638342857142857
361,KRBP,6,0.0,0.0,0.6666666666666666,0.0,0.0,0.13443333333333332
362,EAR,1000,0.416,0.508,5.029,0.088,0.11397220658831318,0.10834030000000001
363,TARS,17,0.0,0.11764705882352941,0.9411764705882353,0.0,0.13173333333333334,0.09359411764705883
364,ALGS,22,0.0,0.22727272727272727,0.7727272727272727,0.0,0.07615909090909091,0.12073636363636364
365,HLXA,11,0.0,0.09090909090909091,0.45454545454545453,0.0,0.0,0.024836363636363636
366,YGMZ,2,0.0,0.5,1.0,0.0,0.0,0.0
367,MSP,71,0.028169014084507043,0.29577464788732394,0.8028169014084507,0.056338028169014086,0.1654095238095238,0.21709999999999996
368,ABCM,138,0.15217391304347827,0.6231884057971014,2.289855072463768,0.10869565217391304,0.34543858447488585,0.21779420289855073
369,CTAC,6,0.0,0.0,0.16666666666666666,0.0,-0.128,0.006666666666666664
370,GHLD,11,0.0,0.18181818181818182,1.4545454545454546,0.09090909090909091,0.20832631578947367,0.18125454545454545
371,MCFE,1000,0.834,0.661,5.084,0.128,0.1581423140002982,0.27165120000000004
372,BLSA,0,,,,,,
373,FHTX,29,0.034482758620689655,0.1724137931034483,0.8275862068965517,0.0,0.09609333333333334,0.08850689655172414
374,BDSX,42,0.2619047619047619,0.5,1.6428571428571428,0.16666666666666666,0.30555370370370377,0.12267142857142857
375,ROOT,1000,0.484,0.459,3.279,0.125,0.17723473659995398,0.0472512
376,AJAX,1000,0.739,1.044,15.463,0.446,0.15310201220890798,0.17638990000000002
377,GATO,193,0.13471502590673576,0.32124352331606215,1.3730569948186528,0.031088082901554404,0.1506008356545961,0.2700601036269431
378,ABST,175,0.6171428571428571,1.1942857142857144,6.371428571428571,0.06857142857142857,-0.06605886426592798,0.16600742857142856
379,ACIC,13,0.0,0.0,0.0,0.0,0.08481538461538461,0.08481538461538461
380,MAX,1000,0.658,1.077,7.653,0.384,0.43027798812934914,0.12785760000000002
381,GLTO,23,0.043478260869565216,0.30434782608695654,1.7826086956521738,0.13043478260869565,0.313025,0.16937826086956526
382,ALGM,32,0.03125,0.15625,0.40625,0.0625,0.07864761904761904,0.15464375
383,LESL,1000,0.442,0.778,6.351,0.114,0.15781794404684452,0.0490632
384,JUPW,18,0.3333333333333333,0.5555555555555556,2.2222222222222223,0.0,0.5659875000000001,0.5130333333333332
385,NBA,20,0.75,0.15,3.0,0.1,0.69194875,0.161775
386,LU,35,0.08571428571428572,0.22857142857142856,0.7428571428571429,0.11428571428571428,0.1334390243902439,0.11987428571428574
387,SQZ,11,0.0,0.09090909090909091,0.6363636363636364,0.0,-0.43174999999999997,0.014781818181818184
388,AVIR,76,0.09210526315789473,0.3157894736842105,1.5,0.05263157894736842,0.22645100671140939,0.10293026315789473
389,CFAC,13,0.0,0.0,0.23076923076923078,0.0,0.4498,0.09
390,DGNS,4,0.0,0.0,0.5,0.0,0.8225,0.71645
391,NGMS,49,0.20408163265306123,0.7959183673469388,5.1020408163265305,0.04081632653061224,0.4885295681063123,0.2807714285714286
392,OLMA,11,0.18181818181818182,0.2727272727272727,1.8181818181818181,0.0,0.059084000000000005,-0.04356363636363635
393,JYAC,0,,,,,,
394,YSG,14,0.14285714285714285,0.07142857142857142,1.2142857142857142,0.21428571428571427,0.3879347826086956,0.1349357142857143
395,TLS,1000,0.753,0.882,3.568,0.098,0.23351194114318055,0.1221925
396,MRVI,15,0.06666666666666667,0.06666666666666667,1.4,0.0,0.22979565217391307,0.0551
397,SHC,24,0.5416666666666666,0.20833333333333334,1.2083333333333333,0.041666666666666664,0.08862291666666666,0.055475
398,OZON,408,0.37254901960784315,0.5392156862745098,2.6127450980392157,0.12745098039215685,0.284576644295302,0.19865367647058826
399,VMAR,3,1.0,0.0,1.3333333333333333,0.3333333333333333,0.3407,0.24796666666666667
400,FRX,2,0.0,0.0,0.0,0.0,0.0,0.0
401,CAP,1,0.0,0.0,0.0,0.0,0.7983,0.7983
402,DCBO,73,0.0410958904109589,0.7808219178082192,1.3287671232876712,0.0821917808219178,0.30622085889570555,0.319513698630137
403,KNTE,0,,,,,,
404,YQ,0,,,,,,
405,SEER,1000,0.397,0.768,2.841,0.044,-0.023520395061728396,0.059467900000000004
406,SBTX,1,0.0,0.0,0.0,0.0,0.0,0.0
407,SGTX,0,,,,,,
408,DASH,1000,0.783,19.248,125.887,2.317,0.6078672358080074,0.0937022
409,AI,1000,0.35,0.872,2.349,0.08,0.3211548069022186,0.16927330000000002
410,PUBM,243,0.11522633744855967,0.41975308641975306,1.1481481481481481,0.0411522633744856,0.3587859188544153,0.4119242798353909
411,ABNB,1000,0.591,0.347,2.354,0.042,0.2178508698260348,0.1250084
412,HYFM,0,,,,,,
413,CERT,1000,0.661,1.48,4.998,0.3,0.04986944481785187,0.0724288
414,ABCL,4,0.0,0.25,4.25,0.0,0.020066666666666667,0.18432500000000002
415,FDMT,0,,,,,,
416,VVOS,2,0.0,0.0,0.0,0.0,0.7364999999999999,0.7364999999999999
417,ROCC,0,,,,,,
418,NBTX,85,0.1411764705882353,0.3764705882352941,1.388235294117647,0.09411764705882353,0.5632376470588235,0.3276929411764706
419,WNW,4,0.0,0.25,0.0,0.0,0.0,0.0
420,OCG,15,0.26666666666666666,0.7333333333333333,2.2,0.06666666666666667,0.14111632653061226,0.035460000000000005
421,SCPS,5,0.0,0.2,0.0,0.0,0.0,0.0
422,UPST,34,0.17647058823529413,0.3235294117647059,1.588235294117647,0.11764705882352941,0.32802533333333334,0.32280588235294116
423,BCAB,53,0.6981132075471698,1.2452830188679245,7.245283018867925,0.5283018867924528,0.16087689320388351,0.3029339622641509
424,WISH,1000,0.518,0.493,3.073,0.084,0.5664457053742803,0.4832761
425,MDWT,56,0.35714285714285715,0.5714285714285714,2.0892857142857144,0.017857142857142856,-0.08523294117647058,0.10956250000000001
426,VIRI,6,0.0,0.16666666666666666,0.3333333333333333,0.0,0.0086,0.0043
427,MASS,22,0.3181818181818182,1.5909090909090908,2.5454545454545454,0.36363636363636365,-0.49695754716981133,-0.023077272727272734
428,GBS,1000,0.586,0.518,2.284,0.051,0.15174120383832504,0.0918577
429,IKT,8,0.0,0.125,0.375,0.0,0.1366,0.0
430,MRM,4,0.0,0.25,3.25,0.5,-0.112,-0.064
431,AGCB,4,0.75,3.75,15.0,0.25,0.5978050632911392,0.5236
432,OMEG,5,0.2,0.0,0.4,0.0,-0.22693333333333332,-0.13616
433,CGEM,31,0.12903225806451613,0.12903225806451613,1.1612903225806452,0.0,0.13109772727272728,0.2629193548387097
434,GRCL,21,0.0,0.14285714285714285,1.1428571428571428,0.047619047619047616,-0.32667499999999994,-0.3106095238095238
435,KUKE,10,0.2,1.6,7.1,0.1,0.16813333333333333,0.18757
436,QLI,3,0.0,0.3333333333333333,0.0,0.0,0.0,0.0
437,MSGM,123,0.4715447154471545,0.5772357723577236,2.5609756097560976,0.032520325203252036,0.2418495535714286,0.19106341463414633
438,AFRM,128,0.5,0.984375,5.1875,0.3671875,0.09193340732519423,0.17670703124999998
439,WOOF,4,0.25,1.25,5.25,1.0,0.6423225806451612,0.5356000000000001
440,POSH,1000,0.064,0.063,0.293,0.017,0.11262219679633867,0.2876934
441,PLTK,26,0.5384615384615384,1.0384615384615385,5.5,0.11538461538461539,0.14149251336898394,0.2143192307692308
442,TBA,9,1.1111111111111112,0.7777777777777778,8.88888888888889,0.0,0.524859793814433,0.6371111111111111
443,DRVN,27,0.2962962962962963,0.7037037037037037,4.074074074074074,0.037037037037037035,-0.02450579710144927,0.04981481481481481
444,MYTE,10,0.2,0.6,3.9,0.0,0.07405106382978724,0.29956000000000005
445,DFH,29,0.20689655172413793,0.13793103448275862,0.8620689655172413,0.10344827586206896,0.342221052631579,0.39215517241379305
446,HUDI,0,,,,,,
447,PAX,21,0.047619047619047616,0.14285714285714285,0.5238095238095238,0.047619047619047616,-0.015337500000000004,0.11547142857142857
448,RLX,1000,0.342,0.075,1.015,0.039,-0.057489734874235206,0.052248
449,MNTK,1,0.0,0.0,2.0,0.0,0.0,0.0
450,EZGO,133,0.3458646616541353,0.3082706766917293,1.4661654135338347,0.05263157894736842,0.14256885813148787,0.14840977443609024
451,BTNB,12,0.8333333333333334,1.0,8.666666666666666,0.4166666666666667,0.34254045801526717,0.21896666666666664
452,TIRX,1,0.0,0.0,0.0,0.0,0.296,0.296
453,SHLS,22,0.22727272727272727,0.4090909090909091,2.590909090909091,0.09090909090909091,0.2705410958904109,0.22674090909090908
454,HCAQ,1,0.0,1.0,3.0,0.0,0.0,0.0
455,VINP,14,0.14285714285714285,0.42857142857142855,1.7142857142857142,0.07142857142857142,0.18672121212121212,0.3591571428571429
456,XM,85,0.2823529411764706,0.4117647058823529,1.9764705882352942,0.047058823529411764,0.3878709956709957,0.28975294117647055
457,AGFY,78,0.4358974358974359,0.358974358974359,1.7307692307692308,0.0,0.29128375634517767,0.17615
458,ZIM,15,0.2,0.5333333333333333,2.066666666666667,0.0,0.08121904761904762,0.09969333333333334
459,NLSP,7,0.0,1.0,0.42857142857142855,0.14285714285714285,0.0,0.0
460,TRIN,93,0.43010752688172044,1.1935483870967742,7.817204301075269,0.20430107526881722,0.13457982162764773,0.2424763440860215
461,HMPT,91,0.32967032967032966,0.37362637362637363,2.6483516483516483,0.03296703296703297,0.3178071428571428,0.022323076923076928
462,TIXT,83,0.25301204819277107,0.7951807228915663,19.566265060240966,0.20481927710843373,0.3365837384259259,0.19685421686746987
463,ONTF,23,0.13043478260869565,0.21739130434782608,1.2173913043478262,0.0,0.026269444444444446,0.1600608695652174
464,ATC,1000,0.518,0.57,4.162,0.173,0.23533044440346673,0.16205260000000002
465,SANA,1000,0.479,1.176,4.029,0.052,0.18001398186889817,0.1550104
466,SNSE,32,0.0625,0.40625,0.5625,0.03125,-0.19385588235294116,-0.0283
467,LABP,14,0.07142857142857142,0.5714285714285714,0.7142857142857143,0.0,0.030836842105263156,0.09697142857142858
468,IMCR,11,0.2727272727272727,1.4545454545454546,3.8181818181818183,0.18181818181818182,0.07766984126984128,0.06826363636363637
469,TERN,34,0.20588235294117646,2.1176470588235294,4.147058823529412,0.08823529411764706,0.018912556053811678,0.14563823529411768
470,CNEY,2,0.0,0.0,0.0,0.0,0.2998,0.2998
471,BOLT,1000,0.728,1.55,13.561,0.121,0.3331496679197995,0.12805719999999998
472,VOR,1000,0.265,0.161,1.854,0.019,-0.02649003914745542,0.2701543
473,RAAS,3,0.3333333333333333,0.3333333333333333,2.6666666666666665,0.3333333333333333,0.06345454545454544,-0.0412
474,PGRW,79,0.8227848101265823,1.0632911392405062,7.7215189873417724,0.26582278481012656,0.2737897435897436,0.5034822784810127
475,SDH,105,0.7428571428571429,2.1619047619047618,6.923809523809524,0.1619047619047619,-0.454015061963775,0.0014904761904761944
476,XPDI,11,0.18181818181818182,1.1818181818181819,3.6363636363636362,0.2727272727272727,0.23551724137931035,0.024836363636363636
477,VLON,12,0.16666666666666666,0.5833333333333334,0.5833333333333334,0.0,0.0,0.0
478,APGB,11,0.45454545454545453,0.2727272727272727,2.4545454545454546,0.45454545454545453,0.41364999999999996,0.42930909090909086
479,BPTS,70,0.14285714285714285,0.3,1.0285714285714285,0.04285714285714286,0.21167735849056607,0.048221428571428575
480,DSP,39,0.1282051282051282,0.3333333333333333,1.4102564102564104,0.02564102564102564,0.15383783783783783,0.11239230769230768
481,FORE,27,0.14814814814814814,0.2222222222222222,0.3333333333333333,0.0,0.22285789473684212,0.12778148148148147
482,APR,1000,0.528,1.363,5.438,0.246,0.35475904950495046,0.2101692
483,LDI,566,0.30212014134275617,0.5176678445229682,1.8886925795053005,0.06713780918727916,0.2706099936346276,0.1796058303886926
484,PUCK,1000,1.109,0.787,11.306,0.181,0.3662643951281477,0.1305953
485,BMBL,1000,0.611,0.515,4.118,0.103,0.18586682251729944,0.15934550000000003
486,SGFY,93,0.1935483870967742,0.3548387096774194,1.4301075268817205,0.021505376344086023,0.1396306451612903,0.0687505376344086
487,BVS,1000,0.719,0.685,4.077,0.075,0.057671940244780395,0.07270660000000001
488,TLIS,26,0.11538461538461539,1.1538461538461537,1.6923076923076923,0.07692307692307693,0.02420759493670886,0.03984615384615385
489,SLAC,4,0.0,0.0,0.0,0.0,0.0,0.0
490,NEXI,164,0.3353658536585366,0.9207317073170732,3.341463414634146,0.04878048780487805,0.37884698162729663,0.2020993902439025
491,CCVI,4,3.0,1.0,12.25,0.75,0.06536911764705883,0.123475
492,BITE,1000,0.536,0.671,4.397,0.125,0.04125512305812532,0.0594261
493,LGVN,22,0.045454545454545456,1.0909090909090908,0.6363636363636364,0.0,-0.005802564102564103,-0.010286363636363637
494,MSAC,12,0.0,0.75,0.3333333333333333,0.0,0.0,0.0
495,FSII,2,1.0,0.5,8.0,0.0,0.0,0.0
496,PFDR,22,0.0,0.6818181818181818,0.22727272727272727,0.045454545454545456,0.13805714285714282,0.05115
497,ABGI,0,,,,,,
498,NVSA,8,1.125,1.25,8.5,0.25,0.2406876404494382,0.2130625
499,SPTK,1,0.0,0.0,8.0,0.0,0.0,0.0
500,VRPX,2,0.0,0.0,0.5,0.0,0.0,0.45405
501,TWNI,12,0.0,0.9166666666666666,0.25,0.0,0.0,0.0
502,EJFA,5,0.0,0.0,0.0,0.0,0.10533999999999999,0.10533999999999999
503,LIII,0,,,,,,
504,MACC,106,0.5094339622641509,6.5754716981132075,19.433962264150942,0.2830188679245283,0.7174837381203804,0.40698962264150945
505,RXRA,20,0.0,0.2,0.15,0.0,0.02877142857142857,0.031369999999999995
506,PSAG,5,0.2,0.4,1.6,0.0,0.17789999999999997,0.28134
507,INNV,39,0.05128205128205128,0.3333333333333333,1.205128205128205,0.0,0.2159532258064516,0.07266153846153846
508,TWNT,5,0.4,0.0,2.2,0.0,0.34006153846153847,0.20415999999999998
509,FRSG,3,0.0,0.0,0.0,0.0,0.494,0.494
510,PDOT,1,0.0,0.0,0.0,0.0,0.0,0.0
511,GROY,439,0.42596810933940776,2.4464692482915718,6.569476082004556,0.10250569476082004,0.49404861575179,0.2741861047835991
512,SVFC,10,0.3,0.3,2.2,0.0,-0.2951857142857143,-0.19396999999999998
513,CLAA,16,0.0,0.0,0.0625,0.0,0.5719,0.3922875
514,SBII,1,0.0,0.0,0.0,0.0,0.5267,0.5267
515,LCAA,2,0.0,0.0,0.0,0.0,0.5766,0.5766
516,FHS,15,0.0,0.7333333333333333,0.5333333333333333,0.0,0.0,0.0
517,CPNG,1000,0.428,0.81,4.081,0.155,0.327288308366825,0.16824350000000002
518,ATSP,0,,,,,,
519,RXDX,24,0.20833333333333334,0.16666666666666666,1.0,0.041666666666666664,0.14565588235294116,0.06144583333333333
520,GTPA,11,0.18181818181818182,0.18181818181818182,0.8181818181818182,0.0,0.5106,0.046418181818181824
521,JOAN,1000,0.408,0.534,3.573,0.062,0.0557706794843784,0.187169
522,CFFE,3,0.0,0.0,0.0,0.0,0.0,0.0
523,LBPH,12,0.08333333333333333,0.3333333333333333,0.6666666666666666,0.08333333333333333,0.12844285714285714,0.04995
524,MITC,4,0.25,0.5,0.75,0.0,0.0,0.0
525,HAYW,22,0.09090909090909091,0.4090909090909091,1.2727272727272727,0.0,0.048299999999999996,0.04525909090909091
526,PLMI,15,0.06666666666666667,0.7333333333333333,0.3333333333333333,0.0,0.2424,0.23981333333333332
527,JWEL,40,0.1,0.325,0.425,0.0,0.18749117647058822,0.2692825
528,BGSX,283,0.5724381625441696,0.9858657243816255,6.03886925795053,0.17667844522968199,0.0835507727272727,0.3385268551236749
529,SNCY,38,0.10526315789473684,0.6052631578947368,1.236842105263158,0.0,0.11335,0.10820263157894737
530,TETC,98,0.37755102040816324,1.346938775510204,4.744897959183674,0.1326530612244898,0.5819561051004637,0.4642153061224491
531,OLO,1000,0.421,0.197,1.551,0.038,0.1167438604440417,0.08871440000000001
532,RACB,3,0.0,0.0,0.3333333333333333,0.0,0.8074,0.46646666666666664
533,REVH,8,0.0,0.0,0.125,0.0,0.0,0.1453375
534,VEI,295,0.5559322033898305,0.18983050847457628,3.864406779661017,0.03728813559322034,0.33973654266958425,0.28312915254237286
535,NAPA,20,0.4,0.5,2.3,0.5,0.25867162162162155,0.302725
536,TUYA,563,0.2966252220248668,0.16341030195381884,1.1438721136767318,0.021314387211367674,0.14514382513661203,0.21332877442273532
537,AMAO,4,0.0,2.75,5.75,0.0,0.7783,0.7260249999999999
538,GANX,40,0.175,0.15,0.45,0.0,0.5342999999999999,0.5567599999999999
539,BYTS,16,0.0,0.1875,0.1875,0.0,0.5802666666666666,0.66721875
540,AFCG,12,0.5833333333333334,0.8333333333333334,2.75,0.16666666666666666,-0.11134230769230768,-0.039341666666666664
541,FNCH,25,0.04,0.28,0.28,0.0,0.0,0.0
542,LVRA,3,0.0,0.0,0.0,0.0,0.3729,0.3729
543,CNTB,17,0.0,0.4117647058823529,0.7058823529411765,0.0,-0.08337368421052631,-0.026623529411764706
544,TIL,27,0.3333333333333333,0.5555555555555556,1.7777777777777777,0.07407407407407407,-0.20632027027027028,-0.09258518518518519
545,GLHA,17,0.058823529411764705,0.8235294117647058,0.7058823529411765,0.058823529411764705,0.2807428571428571,0.2316
546,UPC,16,0.0625,0.0625,0.125,0.0,0.281125,0.3154375
547,DGNU,13,0.07692307692307693,0.0,0.15384615384615385,0.0,0.7845,0.7584769230769232
548,VGII,2,0.0,0.0,0.0,0.0,0.296,0.296
549,MOVE,1000,0.508,0.615,4.059,0.093,0.11792936492890996,0.08617920000000001
550,DCRC,8,0.125,0.125,0.125,0.125,0.0,0.1398375
551,DOCN,19,0.3684210526315789,0.47368421052631576,2.736842105263158,0.10526315789473684,0.10934857142857142,0.15485263157894735
552,ACVA,66,0.06060606060606061,0.3333333333333333,0.6212121212121212,0.030303030303030304,0.11189710144927537,0.26783030303030303
553,DISA,11,0.09090909090909091,0.09090909090909091,0.5454545454545454,0.09090909090909091,0.2929,0.09697272727272727
554,KVSC,5,0.0,0.0,0.6,0.0,0.4498,0.32908
555,KVSB,4,0.0,0.0,1.5,0.0,0.3729,0.41135
556,LVTX,29,0.034482758620689655,0.20689655172413793,1.206896551724138,0.0,0.16808809523809526,-0.05490689655172414
557,VZIO,28,0.39285714285714285,0.5357142857142857,3.0357142857142856,0.17857142857142858,0.3861396551724138,0.18451785714285715
558,SEMR,51,0.37254901960784315,0.49019607843137253,3.1176470588235294,0.17647058823529413,0.19974669811320758,0.02883725490196079
559,EEIQ,0,,,,,,
560,LCA,4,0.0,0.0,0.25,0.0,0.5267,0.41135
561,OLK,8,0.0,0.125,0.625,0.0,0.0,0.0
562,CRCT,1000,0.392,0.229,1.737,0.029,0.293787012987013,0.1802718
563,DSEY,25,0.04,0.24,0.44,0.04,0.19158947368421053,0.047000000000000014
564,MSDA,4,0.25,0.5,7.5,0.0,-0.3612,0.18937500000000002
565,EWTX,15,0.06666666666666667,0.26666666666666666,0.4,0.0,0.10412727272727272,0.02545333333333333
566,ZH,1000,0.523,0.552,2.861,0.056,0.1561931863727455,0.1072586
567,ALHC,69,0.11594202898550725,0.34782608695652173,0.8260869565217391,0.014492753623188406,0.18322333333333335,0.19165942028985505
568,HYW,8,0.0,0.5,0.5,0.0,0.4091625,0.11197499999999999
569,IKNA,16,0.1875,0.4375,0.9375,0.0,0.154664,0.17610625
570,DSGN,53,0.4716981132075472,2.4339622641509435,8.924528301886792,0.4339622641509434,0.5511773846153845,0.2603943396226415
571,TDUP,758,0.5197889182058048,0.10290237467018469,3.7691292875989446,0.022427440633245383,0.22783141063956963,0.23794683377308706
572,TWOA,1000,0.836,1.266,8.516,0.152,-0.06457300835654596,0.11916810000000001
573,COUR,1000,0.482,0.62,3.704,0.048,0.17627490729295428,0.1991833
574,ACHL,14,0.07142857142857142,0.2857142857142857,1.2142857142857142,0.07142857142857142,0.1559913043478261,-0.04663571428571428
575,MBTC,7,0.0,0.0,0.14285714285714285,0.0,0.0,0.08457142857142856
576,EM,34,0.4117647058823529,1.7352941176470589,3.2941176470588234,0.058823529411764705,0.7993550802139038,0.7132941176470587
577,KARO,1000,0.649,1.38,2.948,0.062,0.05648920420718396,0.17862350000000002
578,COMP,1000,0.562,0.529,3.889,0.089,0.13951665022686918,0.1282132
579,ACBA,9,0.0,0.0,0.1111111111111111,0.0,0.5267,0.08224444444444444
580,UTME,1000,0.342,0.61,1.873,0.043,0.10939707112970712,0.0524016
581,PANA,3,0.0,0.0,0.6666666666666666,0.0,0.3818,0.3246
582,TIOA,5,0.2,0.0,0.8,0.0,-0.09227999999999999,-0.13554
583,RPHM,13,0.23076923076923078,0.38461538461538464,0.9230769230769231,0.0,0.13984999999999997,0.07136923076923077
584,TPGS,4,0.0,0.0,0.0,0.0,0.5326500000000001,0.5326500000000001
585,VECT,4,0.25,0.5,2.0,0.0,0.13883636363636362,0.09545
586,ADF,5,0.0,0.4,0.6,0.0,0.10674000000000002,0.03558
587,YTPG,3,0.0,0.0,0.3333333333333333,0.0,0.6249,0.6642666666666667
588,ALKT,132,0.045454545454545456,0.24242424242424243,0.9166666666666666,0.015151515151515152,0.05950496894409937,0.05337045454545455
589,COIN,1000,1.174,1.634,11.541,0.306,0.0821844353462982,0.15767950000000003
590,TCVA,4,0.0,0.0,1.25,0.0,0.11839999999999999,0.148
591,TSP,57,0.5964912280701754,0.3684210526315789,2.3508771929824563,0.08771929824561403,0.17215927835051545,0.25640877192982453
592,EBET,64,0.421875,0.6875,4.3125,0.109375,0.5037694915254238,0.2374734375
593,KRT,18,0.05555555555555555,0.16666666666666666,1.3888888888888888,0.05555555555555555,0.04933333333333333,0.07793333333333334
594,APP,1000,0.757,1.665,8.1,0.178,0.004803345794392545,0.1516394
595,AGL,41,0.21951219512195122,0.5609756097560976,1.829268292682927,0.12195121951219512,0.05436964285714285,0.07709512195121951
596,BMEA,14,0.07142857142857142,0.2857142857142857,0.9285714285714286,0.07142857142857142,0.02001052631578949,0.09732857142857143
597,AKYA,5,0.6,1.4,6.0,0.6,0.5577232558139534,0.29725999999999997
598,RXRX,18,0.1111111111111111,0.5,1.6666666666666667,0.0,0.07170487804878048,0.10758888888888889
599,TRKA,4,1.0,0.0,2.5,0.5,0.4170375,0.2688
600,IFBD,29,0.5517241379310345,0.2413793103448276,2.0,0.27586206896551724,0.23727078651685393,0.22892758620689654
601,PATH,1000,1.161,5.017,28.013,0.291,-0.3334933791543413,0.1549488
602,SKYT,13,0.23076923076923078,0.6923076923076923,3.230769230769231,0.0,0.2875296296296296,0.3116769230769231
603,DV,31,0.25806451612903225,0.6451612903225806,2.2580645161290325,0.06451612903225806,0.125576,0.11656129032258065
604,ZY,1000,0.448,0.447,3.61,0.041,0.27937958644962607,0.11925640000000001
605,KNBE,238,0.29411764705882354,1.4327731092436975,6.100840336134453,0.12184873949579832,0.02214059196617336,0.16631638655462186
606,NPCE,91,0.6153846153846154,0.5164835164835165,4.175824175824176,0.0989010989010989,0.19497723577235773,0.1806868131868132
607,AGTI,25,0.4,0.48,1.92,0.0,0.041915714285714285,0.054024
608,RAIN,1000,0.363,1.059,3.99,0.078,0.3627804007285974,0.0995958
609,TMCI,14,0.0,0.14285714285714285,0.5,0.0,0.0893111111111111,0.00639285714285714
610,IMPL,21,0.09523809523809523,0.09523809523809523,0.38095238095238093,0.0,0.0,0.0
611,SWIM,52,0.9230769230769231,2.326923076923077,11.096153846153847,0.23076923076923078,0.11135316622691299,0.15881730769230767
612,FTCI,41,0.12195121951219512,0.14634146341463414,0.8536585365853658,0.0,0.2173021739130435,0.16771219512195124
613,EDR,30,0.3333333333333333,1.1333333333333333,2.7333333333333334,0.0,0.33735952380952383,0.23127333333333333
614,AVAH,24,0.08333333333333333,0.3333333333333333,1.3333333333333333,0.08333333333333333,0.28706818181818183,0.1852625
615,BSKY,2,2.5,0.5,11.0,0.5,0.46070344827586207,0.5849500000000001
616,PRVA,25,0.12,0.24,1.0,0.04,0.11901428571428571,0.149008
617,TUGC,4,0.0,0.0,0.5,0.0,0.0,0.0
618,IACC,5,0.0,0.2,3.2,0.2,0.6118388888888888,0.45646000000000003
619,HOWL,116,0.646551724137931,2.456896551724138,9.267241379310345,0.20689655172413793,0.243714119259767,0.18651810344827585
620,VACC,1000,1.103,1.086,10.628,0.386,-0.023004370218889632,0.08167849999999999
621,VLAT,1,1.0,0.0,0.0,0.0,0.296,0.296
622,ALF,20,0.2,0.0,1.05,0.0,0.08035199999999999,0.033479999999999996
623,FSBC,14,0.0,0.21428571428571427,1.0714285714285714,0.0,0.19880555555555557,0.16799285714285714
624,HNST,1000,0.811,2.523,9.079,0.183,0.3878062638932994,0.5123087000000001
625,MAQC,3,0.0,0.0,0.3333333333333333,0.0,0.296,0.3729
626,VALN,34,0.5,0.8823529411764706,3.2941176470588234,0.20588235294117646,0.16480301204819275,0.18135
627,TALS,8,0.0,0.125,1.25,0.0,0.19616363636363635,0.084725
628,OG,72,0.8333333333333334,0.6388888888888888,5.055555555555555,0.18055555555555555,0.06241697722567287,0.17821944444444446
629,WDH,664,0.37349397590361444,0.375,2.8765060240963853,0.04819277108433735,0.32521771217712175,0.1361019578313253
630,DKDCA,6,0.0,0.0,0.0,0.0,0.18645,0.18645
631,BWMN,8,0.0,0.125,0.375,0.0,0.085,0.0425
632,ANEB,7,0.0,0.2857142857142857,1.5714285714285714,0.14285714285714285,0.05155714285714286,0.17835714285714285
633,BRIV,3,0.0,0.0,0.3333333333333333,0.0,0.0,0.19733333333333333
634,FLGC,38,0.5526315789473685,0.5526315789473685,2.789473684210526,0.05263157894736842,0.5657713333333333,0.38044999999999995
635,GLBE,15,0.13333333333333333,0.2,0.9333333333333333,0.0,0.2211578947368421,0.19749333333333333
636,IPW,320,0.5625,0.628125,2.334375,0.08125,0.3272283362218371,0.2393221875
637,SMWB,301,0.6943521594684385,2.3853820598006643,10.08970099667774,0.3953488372093023,0.50835072250796,0.2708265780730897
638,ORIA,3,0.0,0.0,0.3333333333333333,0.0,0.7184,0.6300666666666667
639,EJH,0,,,,,,
640,ARTA,6,0.16666666666666666,0.3333333333333333,0.6666666666666666,0.0,0.8442,0.27781666666666666
641,DBGI,74,0.16216216216216217,0.7297297297297297,4.783783783783784,0.08108108108108109,0.5593762910798122,0.4965702702702703
642,OSI,4,0.5,1.0,4.25,0.0,-0.2263,0.22310000000000002
643,VERA,1000,0.5,0.807,5.129,0.114,0.24536445801526718,0.17386939999999998
644,MCAE,4,0.0,0.0,0.25,0.0,0.0,0.205675
645,JZXN,0,,,,,,
646,SQSP,1000,0.56,0.58,4.604,0.063,0.15388815223006716,0.17225020000000002
647,GIW,146,0.9931506849315068,0.2328767123287671,0.5205479452054794,0.3424657534246575,0.13339114754098363,0.20004589041095888
648,PCOR,40,0.25,0.45,1.15,0.05,0.24044868421052631,0.19868249999999998
649,OTLY,22,0.8181818181818182,0.5,4.818181818181818,0.4090909090909091,0.4749993055555557,0.28543181818181823
650,GFOR,2,0.0,0.0,0.5,0.0,0.296,0.296
651,FWAC,4,0.0,0.0,0.25,0.0,0.5267,0.46902499999999997
652,PAY,29,0.4827586206896552,0.1724137931034483,0.8275862068965517,0.034482758620689655,0.006347727272727265,-0.0007482758620689635
653,PSPC,3,0.0,0.0,0.0,0.0,0.3729,0.3729
654,ZIP,1000,0.551,0.551,4.308,0.052,0.43884181618454776,0.1583404
655,FLYW,148,0.1891891891891892,0.527027027027027,2.0067567567567566,0.08108108108108109,0.31794987951807235,0.242222972972973
656,DYNS,13,0.07692307692307693,0.0,0.15384615384615385,0.0,0.42416666666666664,0.5855846153846153
657,EGGF,22,0.5454545454545454,0.09090909090909091,1.3181818181818181,0.045454545454545456,0.4648522727272727,0.32039545454545454
658,OMIC,15,0.0,0.3333333333333333,1.0,0.13333333333333333,0.1651090909090909,0.08071999999999999
659,FIGS,1000,0.596,0.385,3.716,0.05,0.17963884558668633,0.15613159999999998
660,DAWN,386,1.282383419689119,2.0725388601036268,8.095854922279793,1.0,0.12818558052434456,0.1763919689119171
661,OTEC,11,0.0,0.0,0.0,0.0,0.1017,0.1017
662,CNTA,19,0.05263157894736842,0.15789473684210525,0.8947368421052632,0.05263157894736842,0.10102727272727273,0.1480736842105263
663,DLO,1000,0.726,0.885,8.665,0.345,0.24253481781376515,0.16148410000000002
664,SPK,1000,0.483,0.592,2.872,0.063,0.1185327680798005,0.1214087
665,ZME,11,0.09090909090909091,0.6363636363636364,1.2727272727272727,0.36363636363636365,0.09107692307692307,0.026909090909090907
666,ISAA,17,0.35294117647058826,0.058823529411764705,0.47058823529411764,0.0,0.4784333333333333,0.3190882352941177
667,SMIH,4,0.0,0.0,0.0,0.0,0.279675,0.279675
668,MQ,1000,0.715,3.487,10.847,0.363,0.30629432909421234,0.20225970000000001
669,GACQ,5,0.0,0.2,0.6,0.0,0.0,0.22374
670,CLBR,4,0.0,0.0,0.0,0.0,0.41135,0.41135
671,ZETA,28,0.42857142857142855,0.6428571428571429,2.75,0.14285714285714285,0.13668108108108107,0.17639642857142857
672,BSGA,6,0.0,0.0,0.16666666666666666,0.0,0.296,0.27496666666666664
673,DIBS,1000,0.464,0.343,4.382,0.038,0.07130329060646642,0.0702246
674,LFST,17,0.29411764705882354,0.6470588235294118,3.176470588235294,0.11764705882352941,0.034679166666666664,0.02259999999999999
675,MNDY,658,0.4133738601823708,0.790273556231003,4.664133738601824,0.0790273556231003,0.11868732430360338,0.2574968085106383
676,TASK,1000,0.691,1.583,7.618,0.164,0.17064861774065238,0.189056
677,JANX,26,0.07692307692307693,0.38461538461538464,0.6538461538461539,0.0,-0.22052758620689653,-0.046849999999999975
678,LITT,14,0.8571428571428571,1.6428571428571428,5.071428571428571,0.07142857142857142,0.7064747663551402,0.4891785714285714
679,BZ,1000,0.457,0.24,2.122,0.076,0.3188431433506045,0.1166578
680,HCNE,3,0.0,0.0,0.0,0.0,0.4498,0.4498
681,LAAA,7,0.0,0.14285714285714285,0.2857142857142857,0.0,0.19733333333333333,0.19277142857142857
682,ALZN,12,0.16666666666666666,1.4166666666666667,3.3333333333333335,0.5,0.47262,0.0517
683,ZT,5,0.0,0.2,0.4,0.0,0.2722666666666667,0.39958
684,WKME,120,0.13333333333333333,0.35,0.9333333333333333,0.008333333333333333,0.13190350877192983,0.14487583333333334
685,MOLN,12,0.08333333333333333,0.4166666666666667,0.5,0.08333333333333333,-0.08599999999999998,0.11715000000000002
686,VERV,16,0.0625,0.4375,1.0,0.0,0.07885,0.13827499999999998
687,ISPC,56,0.5,0.19642857142857142,1.6071428571428572,0.0,0.274962015503876,0.2471107142857143
688,AOMR,15,0.13333333333333333,0.13333333333333333,0.8666666666666667,0.0,0.17611764705882352,0.09981333333333332
689,TRON,9,0.0,0.0,0.0,0.0,0.41425555555555554,0.41425555555555554
690,LYEL,17,0.29411764705882354,0.7058823529411765,1.0588235294117647,0.4117647058823529,0.15515238095238093,0.13368235294117645
691,ATAI,125,0.512,1.2,5.048,0.216,0.26776525229357795,0.1882336
692,FEMY,72,0.9444444444444444,2.9305555555555554,60.97222222222222,0.08333333333333333,0.27263948663101606,0.08505555555555555
693,CYT,16,0.0625,0.3125,1.0625,0.0,-0.3290347826086957,0.03228124999999999
694,TRMR,28,0.32142857142857145,0.5714285714285714,1.9642857142857142,0.0,0.29637250000000004,0.2028464285714286
695,RERE,10,0.0,0.1,0.5,0.0,0.0,0.0077399999999999995
696,JUGG,3,0.0,0.0,0.3333333333333333,0.0,0.296,0.3729
697,AMAM,11,0.0,0.5454545454545454,0.7272727272727273,0.0,0.07852857142857143,0.11553636363636365
698,DNAY,35,0.22857142857142856,0.45714285714285713,1.8285714285714285,0.0,0.20606818181818182,0.19992000000000004
699,IPSC,34,0.058823529411764705,0.23529411764705882,0.7352941176470589,0.0,0.1455657142857143,0.09049411764705881
700,GPCO,3,0.0,0.0,0.0,0.0,0.3729,0.3729
701,YMM,25,0.44,0.48,2.92,0.04,0.28104123711340206,0.099052
702,CXM,794,0.3790931989924433,0.2884130982367758,2.0554156171284634,0.03904282115869018,0.2634436844505244,0.2538593198992443
703,FA,1000,0.963,0.966,8.088,0.142,0.40938765626538043,0.3450256
704,MITA,6,0.0,0.16666666666666666,0.0,0.0,0.296,0.18645
705,BHG,31,0.25806451612903225,0.2903225806451613,1.1935483870967742,0.03225806451612903,0.5463636363636363,0.589983870967742
706,MIRO,13,0.07692307692307693,0.38461538461538464,0.9230769230769231,0.0,0.2600611111111111,0.1863384615384615
707,BON,20,0.65,0.2,2.65,0.0,0.24708142857142856,0.39602000000000004
708,NLIT,5,0.0,0.0,0.0,0.0,0.059199999999999996,0.059199999999999996
709,FTVI,6,0.0,0.3333333333333333,0.16666666666666666,0.0,0.13486666666666666,0.13238333333333333
710,GLUE,14,0.14285714285714285,0.21428571428571427,0.7857142857142857,0.0,0.013587499999999999,0.05954285714285714
711,DOCS,1000,0.673,1.359,5.262,0.252,-0.022973310363106306,0.06352959999999999
712,CFLT,383,0.7258485639686684,1.0574412532637076,6.845953002610966,0.10443864229765012,0.1302477130044843,0.18565065274151438
713,GRVI,1000,0.358,0.684,4.814,0.106,0.34861313317678627,0.2042227
714,ACXP,11,0.36363636363636365,0.09090909090909091,0.6363636363636364,0.0,0.21000833333333335,0.08295454545454546
715,GRPH,11,0.2727272727272727,0.7272727272727273,5.181818181818182,0.09090909090909091,0.20237101449275363,0.22043636363636362
716,GHRS,83,0.5783132530120482,0.891566265060241,4.192771084337349,0.060240963855421686,0.18479705263157895,0.27948192771084335
717,TKNO,4,0.25,0.25,1.25,0.0,0.0,0.0
718,GMVD,11,0.09090909090909091,0.0,1.0,0.0,-0.045533333333333335,-0.06598181818181818
719,MCW,76,0.3157894736842105,0.6447368421052632,2.6578947368421053,0.07894736842105263,0.05458505338078292,0.12159078947368421
720,MF,1000,0.416,0.333,4.239,0.061,0.1544657754010695,-0.015979900000000002
721,ELEV,626,0.003194888178913738,0.03354632587859425,0.06389776357827476,0.0,0.256315873015873,0.5367017571884983
722,EOCW,3,0.0,0.0,0.6666666666666666,0.0,0.6124,0.6533000000000001
723,DDL,27,0.7777777777777778,1.6296296296296295,6.962962962962963,0.3333333333333333,0.5177729007633589,0.17624444444444445
724,GOBI,1000,0.626,1.162,4.439,0.065,0.2488194055944056,0.1431576
725,CVRX,45,0.15555555555555556,0.35555555555555557,1.7777777777777777,0.1111111111111111,0.15161851851851849,0.14212444444444444
726,XMTR,106,0.36792452830188677,0.7547169811320755,4.330188679245283,0.16981132075471697,0.2927664429530202,0.23024999999999998
727,AVTE,8,0.25,0.375,0.875,0.0,0.2632333333333334,0.1928625
728,S,1000,0.923,2.012,13.762,0.425,0.14159090643616395,0.1339768
729,THCP,6,0.0,0.0,0.0,0.0,0.18645,0.18645
730,DNAD,3,0.0,0.0,0.3333333333333333,0.0,0.5267,0.3729
731,INTA,880,0.8204545454545454,1.4738636363636364,3.8363636363636364,0.075,0.21932821827504123,0.13550693181818182
732,LZ,1000,0.455,0.938,8.256,0.073,0.28694230610985394,0.1246054
733,IAS,16,0.1875,0.1875,0.8125,0.0,0.1582736842105263,0.10336250000000001
734,DIDI,1000,0.63,0.463,3.283,0.076,0.1766145777178796,0.1777748
735,MCAF,6,0.0,0.0,0.0,0.0,0.09866666666666667,0.09866666666666667
736,DNAC,2,0.0,0.0,1.0,0.0,0.41135,0.41135
737,DNAB,3,0.0,0.0,0.3333333333333333,0.0,0.5267,0.3729
738,DNAA,3,0.0,0.3333333333333333,0.6666666666666666,0.0,0.3729,0.3729
739,YOU,1000,2.316,1.611,23.432,0.458,0.08560750620124384,0.3416568
740,CPOP,0,,,,,,
741,DNUT,1000,0.78,0.762,6.751,0.195,-0.014520876531573999,0.1261033
742,FICV,46,0.34782608695652173,0.5,1.7391304347826086,0.06521739130434782,0.38883360655737703,0.34507391304347823
743,DRAY,10,0.0,0.0,0.0,0.0,0.09906999999999999,0.09906999999999999
744,ABOS,14,0.0,0.35714285714285715,0.8571428571428571,0.0,0.0802764705882353,0.28063571428571427
745,HEPS,2,0.0,0.5,1.0,0.0,0.19733333333333333,0.148
746,WAVE,3,0.0,0.0,0.6666666666666666,0.0,0.743,0.4518
747,VRAR,134,0.4552238805970149,1.6343283582089552,10.514925373134329,0.27611940298507465,-0.1382931054461182,0.22015970149253733
748,EVCM,82,0.7926829268292683,0.7317073170731707,3.9390243902439024,0.15853658536585366,0.22349609544468552,0.1587951219512195
749,CORS,3,0.0,0.0,0.3333333333333333,0.0,0.296,0.19733333333333333
750,CURV,32,0.4375,0.28125,0.9375,0.0625,0.22550909090909088,0.13593125
751,NYXH,30,0.1,0.3333333333333333,0.5666666666666667,0.06666666666666667,0.152571875,0.23464333333333334
752,ALCC,3,0.0,0.0,0.3333333333333333,0.3333333333333333,0.0,0.4041666666666666
753,AGRI,0,,,,,,
754,MITQ,65,0.046153846153846156,2.0153846153846153,3.276923076923077,0.06153846153846154,0.5639831908831909,0.36145076923076924
755,RICO,5,0.0,0.0,0.2,0.0,0.296,0.059199999999999996
756,ACRO,20,0.05,0.0,0.25,0.0,-0.064,0.026904999999999995
757,SNTG,1,0.0,2.0,1.0,0.0,0.0,0.0
758,GLTA,3,0.0,0.0,0.0,0.0,0.27423333333333333,0.27423333333333333
759,RNAZ,7,0.0,0.0,0.5714285714285714,0.14285714285714285,0.0,0.0
760,GWII,1,0.0,0.0,0.0,0.0,0.296,0.296
761,UNCY,13,0.15384615384615385,0.07692307692307693,0.6153846153846154,0.07692307692307693,0.20816666666666664,0.05664615384615384
762,ARYE,9,0.0,0.0,0.2222222222222222,0.0,0.0,0.0
763,JATT,1000,0.637,0.653,5.663,0.054,0.004543499357785075,0.0984477
764,IINN,6,0.0,0.0,0.3333333333333333,0.0,0.0,0.10994999999999999
765,TCBS,6,0.0,0.0,0.0,0.0,0.04933333333333333,0.04933333333333333
766,SGHT,61,0.0,0.22950819672131148,0.5737704918032787,0.0,0.2684408163265306,0.16231639344262294
767,UPTD,4,0.0,0.0,1.25,0.25,0.0,0.205675
768,SERA,1000,0.741,0.868,5.23,0.128,0.0736019089995694,0.133216
769,PBBK,2,0.0,0.0,0.0,0.0,0.0,0.0
770,RPID,9,0.4444444444444444,0.2222222222222222,2.3333333333333335,0.1111111111111111,0.5554714285714285,0.20657777777777778
771,FXLV,25,0.2,0.48,1.84,0.08,0.30358769230769234,0.14586000000000002
772,MCG,25,0.36,0.2,1.2,0.08,0.2727565217391304,0.2589
773,CLAQ,18,0.5555555555555556,3.8333333333333335,20.5,1.1111111111111112,0.4230027777777778,0.32232777777777777
774,PECO,24,0.041666666666666664,0.08333333333333333,0.5,0.041666666666666664,0.23914999999999997,0.18244166666666664
775,TCRX,16,0.25,0.1875,0.625,0.0,0.19745882352941177,0.052450000000000004
776,BLND,60,0.6666666666666666,0.9166666666666666,5.416666666666667,0.08333333333333333,0.5176616470588234,0.199015
777,IMGO,16,0.0625,0.1875,0.8125,0.0,0.07551764705882354,0.1007875
778,BLFY,7,0.0,0.0,0.14285714285714285,0.0,0.0,0.08457142857142856
779,APAC,4,0.0,0.0,0.0,0.0,0.405175,0.405175
780,BRDG,17,0.058823529411764705,0.11764705882352941,0.6470588235294118,0.11764705882352941,0.1295,0.05223529411764705
781,ERAS,1000,1.08,5.869,42.765,0.561,0.31184317454002985,0.29140679999999997
782,RGC,9,0.0,0.0,0.5555555555555556,0.0,0.0,-0.17255555555555552
783,STVN,15,0.0,0.6,1.5333333333333334,0.13333333333333333,-0.07630588235294117,0.019733333333333332
784,TRTL,13,0.07692307692307693,0.5384615384615384,0.6923076923076923,0.0,-0.10807058823529413,-0.011776923076923077
785,HCWB,12,0.16666666666666666,1.25,6.166666666666667,0.16666666666666666,-0.21608709677419355,0.016541666666666666
786,PFTA,4,0.0,0.0,0.25,0.0,0.0,0.279675
787,LAW,297,4.606060606060606,4.956228956228956,8.265993265993266,0.18518518518518517,0.09324869158878504,0.1366888888888889
788,VEEE,0,,,,,,
789,PYCR,24,0.16666666666666666,0.3333333333333333,1.0416666666666667,0.041666666666666664,0.12111578947368422,0.10875416666666667
790,VTEX,94,0.30851063829787234,0.19148936170212766,1.1170212765957446,0.05319148936170213,0.3026445859872612,0.13496914893617024
791,KLTR,234,0.16666666666666666,0.9188034188034188,2.158119658119658,0.09829059829059829,0.43697928388746804,0.3972636752136753
792,RYAN,24,0.16666666666666666,0.3333333333333333,0.5,0.041666666666666664,0.08726,0.11369583333333334
793,ZVIA,15,0.6,0.2,1.6,0.13333333333333333,-0.06236052631578947,0.11131333333333332
794,INST,23,0.21739130434782608,0.13043478260869565,0.43478260869565216,0.043478260869565216,0.09202631578947368,0.13515217391304346
795,ABSI,168,0.2261904761904762,0.20833333333333334,1.0,0.03571428571428571,0.17519514170040487,0.17631964285714288
796,BASE,1000,4.117,9.59,71.092,1.075,-0.8820036448750495,0.0503339
797,ZENV,23,0.6521739130434783,0.21739130434782608,1.4782608695652173,0.043478260869565216,0.09748,0.14483478260869562
798,SOPH,118,0.4322033898305085,0.2457627118644068,2.4237288135593222,0.0847457627118644,0.2655632978723404,0.26193220338983053
799,BLNG,15,0.2,0.2,2.466666666666667,0.0,0.5513953488372094,0.07124666666666667
800,GAMB,37,0.08108108108108109,0.32432432432432434,0.8918918918918919,0.10810810810810811,0.3231230769230769,0.10671351351351352
801,CTKB,18,0.0,0.2222222222222222,1.1111111111111112,0.0,-0.02540416666666667,0.29375555555555555
802,CRBU,47,0.2978723404255319,0.574468085106383,2.127659574468085,0.14893617021276595,0.18097364864864868,0.09804255319148937
803,XPOF,14,0.0,0.0,1.0,0.0,0.4356999999999999,0.40208571428571427
804,CNM,1000,0.776,1.332,7.887,0.097,0.10556154379706698,0.19040810000000002
805,OB,1000,0.73,0.562,3.206,0.076,0.26931998250983824,0.10899450000000001
806,USCB,17,0.0,0.0,0.29411764705882354,0.0,0.37066,0.05458235294117647
807,ALPA,5,0.0,0.0,0.0,0.0,0.0,0.0
808,CADL,29,0.10344827586206896,0.10344827586206896,0.6896551724137931,0.034482758620689655,-0.3434592592592593,-0.10537586206896551
809,WRAC,12,0.0,0.0,0.0,0.0,0.180125,0.180125
810,DUOL,1000,0.582,0.179,2.657,0.057,0.10378713669064749,0.1733508
811,APTM,0,,,,,,
812,DALS,3,0.0,0.0,0.0,0.0,0.44156666666666666,0.44156666666666666
813,SNPO,27,0.07407407407407407,0.07407407407407407,0.8518518518518519,0.0,0.5387814814814815,0.13067037037037038
814,TBLD,0,,,,,,
815,PWSC,17,0.23529411764705882,0.4117647058823529,4.411764705882353,0.058823529411764705,0.03213333333333333,0.13037058823529413
816,MEAC,2,0.0,0.0,0.0,0.0,0.45314999999999994,0.45314999999999994
817,MLNK,41,0.17073170731707318,0.975609756097561,1.4878048780487805,0.0,0.1869185185185185,0.14635853658536585
818,RLYB,22,0.0,0.13636363636363635,0.4090909090909091,0.0,0.004391666666666673,0.044581818181818174
819,IMAQ,8,0.25,0.625,1.5,0.0,0.5132947368421052,0.1625625
820,MTAL,101,0.39603960396039606,1.0495049504950495,6.415841584158416,0.10891089108910891,0.21021751552795032,0.2094158415841585
821,COOK,1000,0.617,0.706,4.208,0.101,0.1636139737215909,0.1125473
822,RSKD,99,0.09090909090909091,0.2828282828282828,1.0808080808080809,0.06060606060606061,0.07415266666666667,0.009673737373737383
823,HOOD,1000,1.016,1.167,10.094,0.188,0.10735135178499798,0.09021340000000001
824,NUVL,10,0.4,0.7,5.5,0.4,-0.078,-0.08524
825,SWAG,3,0.0,0.0,0.0,0.0,0.20343333333333333,0.20343333333333333
826,ICVX,17,0.058823529411764705,0.23529411764705882,1.1176470588235294,0.0,0.13620000000000002,0.036776470588235285
827,MXCT,68,0.7941176470588235,0.4117647058823529,4.176470588235294,0.058823529411764705,0.3003659459459459,0.22521764705882355
828,RXST,16,0.0,0.1875,1.8125,0.0,0.587471875,0.381125
829,TNYA,5,0.0,0.0,2.6,0.0,0.6316384615384616,0.57292
830,DOLE,1000,0.767,1.735,8.483,0.326,-0.1384656529042525,0.0836277
831,IMRX,26,0.0,0.07692307692307693,0.6153846153846154,0.0,0.13727777777777778,0.021803846153846153
832,XPAX,3,0.0,0.0,0.0,0.0,0.20343333333333333,0.20343333333333333
833,RANI,8,0.0,0.125,1.0,0.0,0.3255,0.0732375
834,OMGA,6,0.0,0.16666666666666666,1.1666666666666667,0.0,0.0,-0.12135
835,INAB,77,0.4805194805194805,0.7272727272727273,2.7142857142857144,0.012987012987012988,-0.00664983498349835,0.024407792207792208
836,ABVC,7,0.0,0.2857142857142857,0.42857142857142855,0.0,0.3595,0.09364285714285714
837,BWC,2,0.0,0.0,0.0,0.0,0.2092,0.2092
838,EWCZ,197,0.7106598984771574,0.350253807106599,2.197969543147208,0.10152284263959391,0.15456797583081572,0.122251269035533
839,WEBR,1000,0.679,1.247,9.254,0.76,-0.10690386934673367,0.1098739
840,GLEE,13,0.0,0.0,0.6153846153846154,0.0,0.78435,0.3646307692307692
841,NOVV,7,0.0,0.0,0.0,0.0,0.23361428571428572,0.23361428571428572
842,ADGI,90,0.13333333333333333,0.5111111111111111,3.6,0.03333333333333333,0.08267116883116883,0.0882811111111111
843,ROCG,2,0.5,0.0,0.0,0.0,0.4184,0.2092
844,RVAC,6,0.0,0.0,0.0,0.0,0.04933333333333333,0.04933333333333333
845,AHPA,1,0.0,0.0,0.0,0.0,0.0,0.0
846,ELYM,23,0.17391304347826086,0.21739130434782608,0.9130434782608695,0.0,-0.012520000000000005,-0.04710434782608696
847,PPHP,3,0.0,0.0,0.0,0.0,0.5184666666666666,0.5184666666666666
848,SSBK,24,0.0,0.041666666666666664,0.375,0.0,0.29356,0.044333333333333336
849,JAQC,1,0.0,0.0,0.0,0.0,0.5267,0.5267
850,KCGI,1,0.0,0.0,1.0,0.0,-0.128,-0.128
851,DATS,1000,0.391,0.364,2.594,0.041,0.20512421828908553,0.0510471
852,APMI,0,,,,,,
853,DRMA,3,0.0,0.0,0.0,0.0,0.0,0.0
854,MEOA,1,0.0,0.0,0.0,0.0,0.3818,0.3818
855,RNXT,37,0.10810810810810811,0.05405405405405406,0.5135135135135135,0.0,0.23288799999999998,0.07567837837837836
856,SWSS,4,0.0,0.0,0.5,0.0,0.4019,0.4019
857,ICCM,1,0.0,0.0,0.0,0.0,0.0,0.0
858,SQL,1000,0.541,1.632,6.296,0.124,0.24036349354125455,0.15232960000000004
859,DDI,13,0.0,0.0,0.15384615384615385,0.0,0.0,0.04056153846153847
860,SGML,21,0.047619047619047616,0.23809523809523808,2.380952380952381,0.09523809523809523,0.24735517241379307,0.34971904761904765
861,PAFO,10,0.0,0.0,0.1,0.0,0.0,0.18172000000000002
862,SRAD,15,0.5333333333333333,1.0,3.933333333333333,0.3333333333333333,0.0721793103448276,0.08517999999999999
863,ONON,92,1.184782608695652,1.7282608695652173,9.576086956521738,0.32608695652173914,-0.4000687022900763,0.13517934782608695
864,TWKS,28,1.5,1.6428571428571428,9.714285714285714,0.21428571428571427,0.5257308743169399,0.12515357142857145
865,CIIG,9,0.0,0.0,0.0,0.0,0.08962222222222221,0.08962222222222221
866,DICE,1000,0.634,0.782,5.771,0.053,0.3416638674033149,0.1148104
867,PRCT,39,0.15384615384615385,0.38461538461538464,1.8461538461538463,0.1282051282051282,0.04802857142857142,0.0982974358974359
868,DH,98,0.6428571428571429,0.826530612244898,4.877551020408164,0.09183673469387756,0.4662302694136291,0.21949387755102037
869,AEHA,9,0.0,0.0,0.1111111111111111,0.0,0.6597,0.2340888888888889
870,KTTA,6,0.0,0.0,0.16666666666666666,0.0,0.0,0.04635
871,EZFL,10,0.1,0.5,1.3,0.0,0.030836842105263156,0.08818999999999999
872,TYRA,1000,0.52,0.579,3.764,0.168,0.15001218445637052,0.1258047
873,BROS,1000,0.563,0.254,3.21,0.06,0.19160479569366284,0.1673222
874,FLYA,7,0.14285714285714285,0.0,1.7142857142857142,0.0,0.558923076923077,0.4647714285714285
875,FORG,1000,0.443,0.577,3.864,0.055,0.19603002632111763,0.1111156
876,ACT,465,1.043010752688172,5.326881720430108,20.270967741935483,0.31827956989247314,0.24916087268666245,0.06059741935483871
877,HHGC,2,0.0,0.0,0.0,0.0,0.0,0.0
878,FRSH,1000,0.329,0.743,3.759,0.047,0.23522564575645755,0.13679550000000001
879,AKA,28,0.17857142857142858,0.21428571428571427,0.8571428571428571,0.03571428571428571,0.23653888888888888,0.08509999999999998
880,IPAX,2,0.0,0.0,0.0,0.0,0.6103,0.6103
881,VBNK,16,0.1875,0.5625,2.4375,0.0,-0.11088235294117647,0.05565
882,ARGU,6,0.16666666666666666,1.0,2.6666666666666665,0.0,0.4166826086956522,0.4011333333333333
883,TOST,1000,0.666,0.31,3.993,0.056,0.17343317412935325,0.1302769
884,ESMT,80,0.525,0.9,5.8,0.1375,0.494062478777589,0.2858825
885,ARBK,554,0.6588447653429603,1.1498194945848375,6.2888086642599275,0.1371841155234657,0.22139835598421742,0.21059693140794222
886,RELY,25,1.36,1.48,9.04,0.08,0.6290802675585284,0.197288
887,LOCC,2,0.0,0.0,0.0,0.0,0.0,0.0
888,STER,1000,0.06,0.304,0.816,0.033,0.23027279472382522,0.1913263
889,BRLT,44,0.5227272727272727,0.5227272727272727,3.25,0.09090909090909091,0.7186948186528499,0.6535045454545453
890,SOVO,52,0.6730769230769231,0.7307692307692307,4.288461538461538,0.038461538461538464,0.6394983221476509,0.20934423076923075
891,THRN,19,0.0,0.3157894736842105,1.2105263157894737,0.05263157894736842,0.012060000000000005,0.06537368421052632
892,DSAQ,4,0.0,0.0,0.0,0.0,0.17859999999999998,0.17859999999999998
893,HLTH,179,0.659217877094972,0.7877094972067039,5.201117318435754,0.1452513966480447,0.09391768092105261,0.11167932960893855
894,CWAN,18,0.2222222222222222,0.3333333333333333,3.8333333333333335,0.0,-0.07250506329113925,0.05693333333333333
895,PRBM,5,0.0,0.0,0.0,0.0,0.2727,0.2727
896,AMPL,1000,0.575,0.684,3.928,0.078,0.2408686229819563,0.1771531
897,HCVI,1,0.0,0.0,0.0,0.0,0.0,0.0
898,WRBY,535,0.39626168224299063,0.3233644859813084,3.177570093457944,0.102803738317757,0.36258598130841124,0.23610785046728971
899,MEKA,1,0.0,0.0,0.0,0.0,0.5267,0.5267
900,ARTE,0,,,,,,
901,OLPX,42,0.38095238095238093,0.35714285714285715,2.738095238095238,0.21428571428571427,0.44622451612903224,0.2719904761904762
902,HPLT,4,0.0,0.0,0.0,0.0,0.17859999999999998,0.17859999999999998
903,SLVM,29,0.2413793103448276,0.3793103448275862,1.793103448275862,0.06896551724137931,0.3602083333333333,0.24620689655172412
904,GATE,3,0.0,0.3333333333333333,1.0,0.0,0.0,0.0
905,PYXS,16,0.125,0.125,0.75,0.0625,-0.022458823529411764,-0.06927499999999999
906,EXAI,49,0.20408163265306123,0.08163265306122448,1.0204081632653061,0.10204081632653061,0.15791014492753622,0.10461836734693879
907,DMYS,1,0.0,0.0,0.0,0.0,0.296,0.296
908,TDCX,33,0.09090909090909091,0.12121212121212122,0.8787878787878788,0.030303030303030304,0.39698648648648643,0.2174121212121212
909,MTRY,2,0.0,0.0,0.0,0.0,0.0,0.0
910,FWRG,36,0.2222222222222222,0.3611111111111111,1.2777777777777777,0.08333333333333333,0.2801814285714286,0.1227388888888889
911,RNER,6,0.0,0.0,0.0,0.0,0.0,0.0
912,CION,282,0.30141843971631205,0.1453900709219858,1.8971631205673758,0.01773049645390071,-0.06648303303303305,0.12923687943262413
913,NFYS,0,,,,,,
914,NVEI,123,0.2926829268292683,0.6829268292682927,2.959349593495935,0.07317073170731707,0.13774624746450304,0.22600081300813007
915,VLCN,99,0.3838383838383838,0.24242424242424243,1.7272727272727273,0.020202020202020204,0.2567731914893617,0.11410000000000002
916,PCX,12,0.08333333333333333,0.0,0.3333333333333333,0.0,0.0,-0.035124999999999997
917,IXAQ,2,0.5,0.0,0.0,0.0,0.3612,0.3286
918,LTH,16,0.125,0.25,0.375,0.0625,0.20306923076923075,0.11499374999999999
919,THRX,18,0.0,0.2222222222222222,1.0,0.05555555555555555,0.21205217391304348,0.06519444444444444
920,TCN,15,0.0,0.13333333333333333,0.5333333333333333,0.06666666666666667,0.5254636363636362,0.17338666666666663
921,HWKZ,5,0.6,0.0,0.4,0.2,0.54105,0.38096
922,ISO,1000,0.772,0.583,3.466,0.115,0.21745506482982174,0.16169979999999998
923,JMAC,0,,,,,,
924,CGTX,23,0.043478260869565216,0.391304347826087,0.5652173913043478,0.0,0.24294782608695648,0.017343478260869568
925,LCW,1,1.0,0.0,0.0,0.0,0.8139,0.8139
926,CCSI,16,0.0,0.0625,0.125,0.0,0.2775,0.20666875
927,GIAC,0,,,,,,
928,HCTI,28,0.03571428571428571,0.5357142857142857,1.4285714285714286,0.0,0.052192857142857166,0.05221428571428572
929,FATP,4,0.0,0.0,0.0,0.0,0.0,0.0
930,CLST,5,0.0,0.0,0.0,0.0,0.13976,0.13976
931,AVDX,39,0.28205128205128205,0.6923076923076923,7.282051282051282,0.05128205128205128,0.13665339506172838,0.0715
932,GTLB,1000,0.315,1.082,3.364,0.093,0.3123683147919242,0.17703390000000002
933,BMAC,3,0.0,0.0,0.3333333333333333,0.0,0.2023,0.1661
934,LUCD,38,0.631578947368421,0.23684210526315788,3.710526315789474,0.05263157894736842,0.30824318181818183,0.21608157894736843
935,ROSE,510,0.28627450980392155,0.884313725490196,3.4411764705882355,0.10980392156862745,0.31019219269102993,0.2205637254901961
936,IHS,1000,1.123,89.092,246.572,13.625,0.1360926991655537,0.16547660000000003
937,TRIS,8,0.0,0.0,0.375,0.0,0.0,0.100875
938,SANB,5,0.0,0.2,0.0,0.0,0.0,0.0
939,FNA,17,0.7058823529411765,0.9411764705882353,4.352941176470588,0.17647058823529413,0.48444380952380944,0.16119999999999998
940,INKT,23,0.13043478260869565,1.0,3.8260869565217392,0.08695652173913043,0.1444120689655172,0.20579130434782608
941,PEPL,1,0.0,0.0,0.0,0.0,0.0,0.0
942,OZ,0,,,,,,
943,AXH,20,0.4,4.6,20.85,0.1,0.4548167630057804,0.14654499999999998
944,CYN,1000,0.716,1.379,15.806,1.145,0.29184100073506253,0.1256174
945,CNTX,32,0.1875,0.375,0.84375,0.0,0.11635111111111111,0.0623125
946,SDIG,163,0.4662576687116564,0.7852760736196319,3.723926380368098,0.11042944785276074,0.30625560916767186,0.19750490797546014
947,GTAC,1,0.0,0.0,0.0,0.0,0.5255,0.5255
948,PTLO,1000,0.768,0.882,12.383,0.264,0.5000428761278589,0.162389
949,NHIC,5,0.0,0.0,0.0,0.0,-0.04526,-0.04526
950,RWAY,11,0.0,0.0,0.09090909090909091,0.0,0.5859,0.40035454545454546
951,ENER,9,0.5555555555555556,1.0,7.555555555555555,0.1111111111111111,0.17290843373493975,0.19534444444444443
952,THAC,34,0.14705882352941177,0.11764705882352941,0.47058823529411764,0.0,0.399816,0.604035294117647
953,VTYX,11,0.45454545454545453,0.2727272727272727,0.6363636363636364,0.0,0.4501,0.398
954,XFIN,8,0.0,0.0,0.0,0.0,0.0538625,0.0538625
955,COCO,83,0.4457831325301205,7.602409638554217,22.566265060240966,0.5903614457831325,0.22981104247104248,0.17917590361445784
956,PX,20,0.4,0.5,3.5,0.4,0.21631458333333334,0.16826000000000002
957,GOGN,7,0.0,0.0,0.14285714285714285,0.0,0.0,0.09424285714285714
958,ENFN,47,0.2553191489361702,1.297872340425532,9.106382978723405,0.2978723404255319,0.0541440776699029,0.21718936170212763
959,XLO,18,0.0,0.1111111111111111,0.5,0.0,-0.1679,0.038111111111111116
960,UTRS,22,0.09090909090909091,0.13636363636363635,0.3181818181818182,0.0,0.06855833333333333,0.19325
961,PGSS,0,,,,,,
962,MBSC,0,,,,,,
963,GET,0,,,,,,
964,ICNC,8,0.25,0.0,0.25,0.125,0.0,0.037
965,ARIS,43,0.46511627906976744,0.3488372093023256,3.5813953488372094,0.046511627906976744,0.3311780104712042,0.23308604651162787
966,DMAQ,2,0.0,0.0,0.0,0.0,0.0,0.0
967,RENT,1000,0.829,1.713,7.131,0.18,0.18717093271084947,0.1624874
968,AIP,1000,0.608,1.49,9.349,0.119,0.00940536053951235,0.1537479
969,OHAA,6,0.0,0.16666666666666666,0.0,0.0,0.0,0.0
970,INFA,864,0.13773148148148148,0.3425925925925926,1.587962962962963,0.032407407407407406,0.20061338842975204,0.17318333333333336
971,MRAI,56,0.16071428571428573,0.6071428571428571,2.75,0.125,0.38487205882352943,0.3336732142857142
972,PHYT,3,0.0,0.0,0.6666666666666666,0.0,0.2732,0.1897333333333333
973,SCMA,5,0.0,0.0,0.6,0.0,-0.08533333333333333,-0.0256
974,GFS,1000,0.773,5.524,20.864,0.409,0.3061896155241204,0.0973169
975,DTC,139,0.7266187050359713,3.920863309352518,19.510791366906474,0.19424460431654678,0.14895438700147715,0.15684316546762592
976,PCCT,0,,,,,,
977,FIAC,5,0.2,0.2,0.8,0.0,0.8005333333333334,0.7422799999999999
978,FLNC,57,0.21052631578947367,0.24561403508771928,1.5964912280701755,0.03508771929824561,0.34754873949579834,0.34873333333333334
979,ADAL,3,0.0,0.0,0.0,0.0,0.0,0.0
980,HRT,14,0.6428571428571429,2.857142857142857,29.357142857142858,0.07142857142857142,0.21017180043383948,0.18741428571428576
981,ARCK,2,0.0,0.0,0.0,0.0,0.5106,0.5106
982,AURA,1000,0.658,1.159,9.781,0.2,0.2086786658755721,0.18019220000000002
983,UDMY,1000,0.291,0.88,1.948,0.023,0.3317965626989179,0.2236986
984,SEDA,1,0.0,0.0,0.0,0.0,0.5267,0.5267
985,SONX,93,0.24731182795698925,0.45161290322580644,1.4623655913978495,0.010752688172043012,0.23266633663366337,0.1321774193548387
986,AEAE,2,0.0,0.0,0.0,0.0,0.148,0.148
987,AIRS,36,0.1111111111111111,0.25,1.9722222222222223,0.05555555555555555,0.3724383720930232,0.054294444444444444
988,BFRI,30,0.13333333333333333,0.4666666666666667,0.8666666666666667,0.03333333333333333,0.22274888888888886,0.08205333333333333
989,PEGR,0,,,,,,
990,TRDA,10,0.0,0.0,1.2,0.1,0.11896923076923074,0.09101999999999999
991,CCTS,5,0.0,0.0,0.0,0.0,-0.18104,-0.18104
992,LIBY,0,,,,,,
993,LIAN,1000,0.66,1.056,37.119,0.413,-0.03112591214838971,0.1569163
994,VSAC,6,0.0,0.0,0.0,0.0,0.29065,0.29065
995,FRLA,5,0.0,0.0,0.0,0.0,0.059199999999999996,0.059199999999999996
996,BIRD,1000,0.835,2.19,13.879,0.146,0.09106974780058642,0.1268138
997,ONYX,0,,,,,,
998,CMTG,14,0.07142857142857142,0.07142857142857142,0.5,0.0,0.44728888888888885,0.5764571428571428
999,TGVC,5,0.4,0.2,0.6,0.2,-0.07468571428571427,0.07444
1000,INTE,5,0.4,0.2,0.6,0.0,0.31245,0.22032
1001,JUN,11,0.7272727272727273,0.09090909090909091,1.4545454545454546,0.0,0.35753200000000007,0.04500000000000001
1002,KD,13,0.07692307692307693,0.23076923076923078,0.38461538461538464,0.0,0.22693333333333335,0.26600769230769233
1003,EVO,33,0.09090909090909091,0.06060606060606061,0.45454545454545453,0.06060606060606061,0.15104545454545454,0.16654242424242424
1004,LION,24,0.375,9.375,5.625,0.08333333333333333,0.01958274932614555,0.23687500000000003
1005,DHAC,22,0.13636363636363635,0.7272727272727273,1.5909090909090908,0.045454545454545456,0.19942,0.2986136363636363
1006,MDXH,35,0.2857142857142857,0.3142857142857143,1.9714285714285715,0.11428571428571428,-0.0062851063829787055,0.032845714285714284
1007,ARHS,230,0.20869565217391303,1.0956521739130434,4.48695652173913,0.12173913043478261,0.2423851470588235,0.23246782608695654
1008,CDRE,12,0.08333333333333333,0.16666666666666666,0.3333333333333333,0.0,0.07057142857142858,0.010166666666666666
1009,MPRA,0,,,,,,
1010,NRDS,586,0.34982935153583616,0.3703071672354949,2.1911262798634814,0.06484641638225255,0.22806330275229356,0.17631808873720137
1011,MYNZ,7,0.42857142857142855,0.0,2.2857142857142856,0.0,0.04512105263157895,0.012485714285714279
1012,MCAA,0,,,,,,
1013,TSVT,72,0.013888888888888888,0.08333333333333333,0.09722222222222222,0.0,-0.3185142857142857,0.022218055555555553
1014,SVNA,500,1.048,2.482,18.736,0.22,0.49952743929556165,0.3525906
1015,CIAN,1000,0.818,0.358,2.825,0.027,0.11711420059582921,0.0803819
1016,IOBT,43,0.046511627906976744,0.18604651162790697,0.7441860465116279,0.09302325581395349,0.3040456521739131,0.1571279069767442
1017,NPAB,1,0.0,0.0,0.0,0.0,0.0,0.0
1018,RGF,19,0.3157894736842105,0.05263157894736842,2.789473684210526,0.0,0.7310549999999999,0.5554526315789474
1019,LYLT,23,0.6956521739130435,0.17391304347826086,3.130434782608696,0.043478260869565216,0.6536892473118279,0.6651217391304349
1020,APN,1,0.0,0.0,1.0,0.0,0.5106,0.5106
1021,SOPA,1000,1.098,5.119,25.011,0.269,-0.07779431056926055,0.0524182
1022,PRM,29,0.1724137931034483,0.3103448275862069,1.1724137931034482,0.0,0.20816874999999999,0.4199793103448276
1023,STRN,2,0.0,0.0,0.0,0.0,0.0,0.0
1024,HTAQ,1,0.0,0.0,0.0,0.0,0.0,0.0
1025,TCBX,24,0.08333333333333333,0.041666666666666664,0.3333333333333333,0.0,0.053818181818181814,0.08379583333333333
1026,BJDX,2,0.0,0.0,0.0,0.0,0.0,0.0
1027,RIVN,924,0.9761904761904762,1.182900432900433,7.16017316017316,0.341991341991342,0.27265961689257306,0.18555974025974026
1028,BCSA,0,,,,,,
1029,CINT,42,0.09523809523809523,0.07142857142857142,0.3333333333333333,0.0,0.09826666666666667,0.25235952380952376
1030,CBRG,75,1.4933333333333334,2.12,10.546666666666667,0.17333333333333334,0.14178530232558142,0.4042653333333333
1031,RCF,523,0.4130019120458891,0.8183556405353728,7.37093690248566,0.1950286806883365,0.07525709628341665,0.22605602294455066
1032,AFAC,9,0.0,0.0,0.0,0.0,0.0,0.0
1033,EXFY,228,0.4649122807017544,0.3684210526315789,2.8157894736842106,0.07017543859649122,0.39454327830188685,0.22460701754385967
1034,ACDI,1,0.0,0.0,1.0,0.0,0.0516,0.0516
1035,WBEV,6,0.3333333333333333,0.3333333333333333,2.6666666666666665,0.0,0.11583499999999998,0.07736666666666665
1036,WEAV,25,0.08,0.08,0.64,0.0,0.34345000000000003,0.181468
1037,TIVC,3,0.0,0.0,0.0,0.0,0.0,0.0
1038,VMGA,0,,,,,,
1039,BLZE,485,0.45979381443298967,0.2515463917525773,1.7525773195876289,0.04329896907216495,0.2878294407894737,0.17437711340206186
1040,PIK,1000,0.515,0.704,3.534,0.117,0.027519917864476384,0.0795186
1041,LVLU,14,0.0,0.07142857142857142,0.5,0.0,0.037,0.02114285714285714
1042,LGVC,2,0.5,1.0,3.5,1.0,0.55875,0.33525
1043,VAXX,1000,1.378,3.277,13.852,0.28,-0.4626552456485869,-0.063584
1044,BEAT,1000,0.774,0.65,8.03,0.118,0.028031738403677415,0.0285913
1045,IRRX,2,0.0,0.0,0.0,0.0,0.0,0.0
1046,DERM,710,0.5943661971830986,1.7619718309859156,8.733802816901408,0.2028169014084507,0.5310887752556748,0.32146915492957745
1047,MYNA,27,0.2222222222222222,0.2222222222222222,2.4444444444444446,0.1111111111111111,0.34119382716049385,0.2552962962962963
1048,BTBD,36,0.6666666666666666,0.19444444444444445,1.3055555555555556,0.05555555555555555,0.2718425,0.25373055555555557
1049,ONL,6,0.0,0.16666666666666666,0.3333333333333333,0.0,0.6249,0.14761666666666665
